PLACEHOLDER_CLIENT_ID|CLIENT|/data/ucov/repro/commons-cli/Clients/AanshKot/IslandandCityGenerator|/a4-main/a4main/generator/src/main/java/ca/mcmaster/cas/se2aa4/a2/generator/configuration/configuration.java(20:13)|/a4-main/a4main/generator/src/main/java/ca/mcmaster/cas/se2aa4/a2/generator/configuration/configuration.java(20:23)|org.apache.commons.cli.CommandLine|SYMBOL_KIND_TYPE|SYMBOL_USE_TYPE_REFERENCE
PLACEHOLDER_CLIENT_ID|CLIENT|/data/ucov/repro/commons-cli/Clients/AanshKot/IslandandCityGenerator|/a4-main/a4main/generator/src/main/java/ca/mcmaster/cas/se2aa4/a2/generator/configuration/configuration.java(24:24)|/a4-main/a4main/generator/src/main/java/ca/mcmaster/cas/se2aa4/a2/generator/configuration/configuration.java(24:54)|org.apache.commons.cli.CommandLineParser.parse(org.apache.commons.cli.Options,java.lang.String[])|SYMBOL_KIND_METHOD|SYMBOL_USE_VIRTUAL_INVOCATION
PLACEHOLDER_CLIENT_ID|CLIENT|/data/ucov/repro/commons-cli/Clients/AanshKot/IslandandCityGenerator|/a4-main/a4main/generator/src/main/java/ca/mcmaster/cas/se2aa4/a2/generator/configuration/configuration.java(25:17)|/a4-main/a4main/generator/src/main/java/ca/mcmaster/cas/se2aa4/a2/generator/configuration/configuration.java(25:35)|org.apache.commons.cli.CommandLine.hasOption(java.lang.String)|SYMBOL_KIND_METHOD|SYMBOL_USE_INVOCATION
PLACEHOLDER_CLIENT_ID|CLIENT|/data/ucov/repro/commons-cli/Clients/AanshKot/IslandandCityGenerator|/a4-main/a4main/generator/src/main/java/ca/mcmaster/cas/se2aa4/a2/generator/configuration/configuration.java(28:18)|/a4-main/a4main/generator/src/main/java/ca/mcmaster/cas/se2aa4/a2/generator/configuration/configuration.java(28:31)|org.apache.commons.cli.ParseException|SYMBOL_KIND_TYPE|SYMBOL_USE_TYPE_REFERENCE
PLACEHOLDER_CLIENT_ID|CLIENT|/data/ucov/repro/commons-cli/Clients/AanshKot/IslandandCityGenerator|/a4-main/a4main/generator/src/main/java/ca/mcmaster/cas/se2aa4/a2/generator/configuration/configuration.java(34:35)|/a4-main/a4main/generator/src/main/java/ca/mcmaster/cas/se2aa4/a2/generator/configuration/configuration.java(34:53)|org.apache.commons.cli.HelpFormatter()|SYMBOL_KIND_CONSTRUCTOR|SYMBOL_USE_INVOCATION
PLACEHOLDER_CLIENT_ID|CLIENT|/data/ucov/repro/commons-cli/Clients/AanshKot/IslandandCityGenerator|/a4-main/a4main/generator/src/main/java/ca/mcmaster/cas/se2aa4/a2/generator/configuration/configuration.java(34:35)|/a4-main/a4main/generator/src/main/java/ca/mcmaster/cas/se2aa4/a2/generator/configuration/configuration.java(34:53)|org.apache.commons.cli.HelpFormatter|SYMBOL_KIND_CLASS|SYMBOL_USE_INSTANTIATION
PLACEHOLDER_CLIENT_ID|CLIENT|/data/ucov/repro/commons-cli/Clients/AanshKot/IslandandCityGenerator|/a4-main/a4main/generator/src/main/java/ca/mcmaster/cas/se2aa4/a2/generator/configuration/configuration.java(34:39)|/a4-main/a4main/generator/src/main/java/ca/mcmaster/cas/se2aa4/a2/generator/configuration/configuration.java(34:51)|org.apache.commons.cli.HelpFormatter|SYMBOL_KIND_TYPE|SYMBOL_USE_TYPE_REFERENCE
PLACEHOLDER_CLIENT_ID|CLIENT|/data/ucov/repro/commons-cli/Clients/AanshKot/IslandandCityGenerator|/a4-main/a4main/generator/src/main/java/ca/mcmaster/cas/se2aa4/a2/generator/configuration/configuration.java(34:9)|/a4-main/a4main/generator/src/main/java/ca/mcmaster/cas/se2aa4/a2/generator/configuration/configuration.java(34:21)|org.apache.commons.cli.HelpFormatter|SYMBOL_KIND_TYPE|SYMBOL_USE_TYPE_REFERENCE
PLACEHOLDER_CLIENT_ID|CLIENT|/data/ucov/repro/commons-cli/Clients/AanshKot/IslandandCityGenerator|/a4-main/a4main/generator/src/main/java/ca/mcmaster/cas/se2aa4/a2/generator/configuration/configuration.java(35:9)|/a4-main/a4main/generator/src/main/java/ca/mcmaster/cas/se2aa4/a2/generator/configuration/configuration.java(35:66)|org.apache.commons.cli.HelpFormatter.printHelp(java.lang.String,org.apache.commons.cli.Options)|SYMBOL_KIND_METHOD|SYMBOL_USE_INVOCATION
PLACEHOLDER_CLIENT_ID|CLIENT|/data/ucov/repro/commons-cli/Clients/AanshKot/IslandandCityGenerator|/a4-main/a4main/generator/src/main/java/ca/mcmaster/cas/se2aa4/a2/generator/configuration/configuration.java(41:13)|/a4-main/a4main/generator/src/main/java/ca/mcmaster/cas/se2aa4/a2/generator/configuration/configuration.java(41:18)|org.apache.commons.cli.Option|SYMBOL_KIND_TYPE|SYMBOL_USE_TYPE_REFERENCE
PLACEHOLDER_CLIENT_ID|CLIENT|/data/ucov/repro/commons-cli/Clients/AanshKot/IslandandCityGenerator|/a4-main/a4main/generator/src/main/java/ca/mcmaster/cas/se2aa4/a2/generator/configuration/configuration.java(41:23)|/a4-main/a4main/generator/src/main/java/ca/mcmaster/cas/se2aa4/a2/generator/configuration/configuration.java(41:38)|org.apache.commons.cli.CommandLine.getOptions()|SYMBOL_KIND_METHOD|SYMBOL_USE_INVOCATION
PLACEHOLDER_CLIENT_ID|CLIENT|/data/ucov/repro/commons-cli/Clients/AanshKot/IslandandCityGenerator|/a4-main/a4main/generator/src/main/java/ca/mcmaster/cas/se2aa4/a2/generator/configuration/configuration.java(42:24)|/a4-main/a4main/generator/src/main/java/ca/mcmaster/cas/se2aa4/a2/generator/configuration/configuration.java(42:33)|org.apache.commons.cli.Option.getOpt()|SYMBOL_KIND_METHOD|SYMBOL_USE_INVOCATION
PLACEHOLDER_CLIENT_ID|CLIENT|/data/ucov/repro/commons-cli/Clients/AanshKot/IslandandCityGenerator|/a4-main/a4main/generator/src/main/java/ca/mcmaster/cas/se2aa4/a2/generator/configuration/configuration.java(42:36)|/a4-main/a4main/generator/src/main/java/ca/mcmaster/cas/se2aa4/a2/generator/configuration/configuration.java(42:49)|org.apache.commons.cli.Option.getValue(java.lang.String)|SYMBOL_KIND_METHOD|SYMBOL_USE_INVOCATION
PLACEHOLDER_CLIENT_ID|CLIENT|/data/ucov/repro/commons-cli/Clients/AanshKot/IslandandCityGenerator|/a4-main/a4main/generator/src/main/java/ca/mcmaster/cas/se2aa4/a2/generator/configuration/configuration.java(48:16)|/a4-main/a4main/generator/src/main/java/ca/mcmaster/cas/se2aa4/a2/generator/configuration/configuration.java(48:38)|org.apache.commons.cli.CommandLine.getOptionValue(java.lang.String)|SYMBOL_KIND_METHOD|SYMBOL_USE_INVOCATION
PLACEHOLDER_CLIENT_ID|CLIENT|/data/ucov/repro/commons-cli/Clients/AanshKot/IslandandCityGenerator|/a4-main/a4main/generator/src/main/java/ca/mcmaster/cas/se2aa4/a2/generator/configuration/configuration.java(51:13)|/a4-main/a4main/generator/src/main/java/ca/mcmaster/cas/se2aa4/a2/generator/configuration/configuration.java(51:29)|org.apache.commons.cli.CommandLineParser|SYMBOL_KIND_TYPE|SYMBOL_USE_TYPE_REFERENCE
PLACEHOLDER_CLIENT_ID|CLIENT|/data/ucov/repro/commons-cli/Clients/AanshKot/IslandandCityGenerator|/a4-main/a4main/generator/src/main/java/ca/mcmaster/cas/se2aa4/a2/generator/configuration/configuration.java(52:16)|/a4-main/a4main/generator/src/main/java/ca/mcmaster/cas/se2aa4/a2/generator/configuration/configuration.java(52:34)|org.apache.commons.cli.DefaultParser()|SYMBOL_KIND_CONSTRUCTOR|SYMBOL_USE_INVOCATION
PLACEHOLDER_CLIENT_ID|CLIENT|/data/ucov/repro/commons-cli/Clients/AanshKot/IslandandCityGenerator|/a4-main/a4main/generator/src/main/java/ca/mcmaster/cas/se2aa4/a2/generator/configuration/configuration.java(52:16)|/a4-main/a4main/generator/src/main/java/ca/mcmaster/cas/se2aa4/a2/generator/configuration/configuration.java(52:34)|org.apache.commons.cli.DefaultParser|SYMBOL_KIND_CLASS|SYMBOL_USE_INSTANTIATION
PLACEHOLDER_CLIENT_ID|CLIENT|/data/ucov/repro/commons-cli/Clients/AanshKot/IslandandCityGenerator|/a4-main/a4main/generator/src/main/java/ca/mcmaster/cas/se2aa4/a2/generator/configuration/configuration.java(52:20)|/a4-main/a4main/generator/src/main/java/ca/mcmaster/cas/se2aa4/a2/generator/configuration/configuration.java(52:32)|org.apache.commons.cli.DefaultParser|SYMBOL_KIND_TYPE|SYMBOL_USE_TYPE_REFERENCE
PLACEHOLDER_CLIENT_ID|CLIENT|/data/ucov/repro/commons-cli/Clients/AanshKot/IslandandCityGenerator|/a4-main/a4main/generator/src/main/java/ca/mcmaster/cas/se2aa4/a2/generator/configuration/configuration.java(55:13)|/a4-main/a4main/generator/src/main/java/ca/mcmaster/cas/se2aa4/a2/generator/configuration/configuration.java(55:19)|org.apache.commons.cli.Options|SYMBOL_KIND_TYPE|SYMBOL_USE_TYPE_REFERENCE
PLACEHOLDER_CLIENT_ID|CLIENT|/data/ucov/repro/commons-cli/Clients/AanshKot/IslandandCityGenerator|/a4-main/a4main/generator/src/main/java/ca/mcmaster/cas/se2aa4/a2/generator/configuration/configuration.java(56:27)|/a4-main/a4main/generator/src/main/java/ca/mcmaster/cas/se2aa4/a2/generator/configuration/configuration.java(56:39)|org.apache.commons.cli.Options()|SYMBOL_KIND_CONSTRUCTOR|SYMBOL_USE_INVOCATION
PLACEHOLDER_CLIENT_ID|CLIENT|/data/ucov/repro/commons-cli/Clients/AanshKot/IslandandCityGenerator|/a4-main/a4main/generator/src/main/java/ca/mcmaster/cas/se2aa4/a2/generator/configuration/configuration.java(56:27)|/a4-main/a4main/generator/src/main/java/ca/mcmaster/cas/se2aa4/a2/generator/configuration/configuration.java(56:39)|org.apache.commons.cli.Options|SYMBOL_KIND_CLASS|SYMBOL_USE_INSTANTIATION
PLACEHOLDER_CLIENT_ID|CLIENT|/data/ucov/repro/commons-cli/Clients/AanshKot/IslandandCityGenerator|/a4-main/a4main/generator/src/main/java/ca/mcmaster/cas/se2aa4/a2/generator/configuration/configuration.java(56:31)|/a4-main/a4main/generator/src/main/java/ca/mcmaster/cas/se2aa4/a2/generator/configuration/configuration.java(56:37)|org.apache.commons.cli.Options|SYMBOL_KIND_TYPE|SYMBOL_USE_TYPE_REFERENCE
PLACEHOLDER_CLIENT_ID|CLIENT|/data/ucov/repro/commons-cli/Clients/AanshKot/IslandandCityGenerator|/a4-main/a4main/generator/src/main/java/ca/mcmaster/cas/se2aa4/a2/generator/configuration/configuration.java(56:9)|/a4-main/a4main/generator/src/main/java/ca/mcmaster/cas/se2aa4/a2/generator/configuration/configuration.java(56:15)|org.apache.commons.cli.Options|SYMBOL_KIND_TYPE|SYMBOL_USE_TYPE_REFERENCE
PLACEHOLDER_CLIENT_ID|CLIENT|/data/ucov/repro/commons-cli/Clients/AanshKot/IslandandCityGenerator|/a4-main/a4main/generator/src/main/java/ca/mcmaster/cas/se2aa4/a2/generator/configuration/configuration.java(57:27)|/a4-main/a4main/generator/src/main/java/ca/mcmaster/cas/se2aa4/a2/generator/configuration/configuration.java(57:70)|org.apache.commons.cli.Option(java.lang.String,boolean,java.lang.String)|SYMBOL_KIND_CONSTRUCTOR|SYMBOL_USE_INVOCATION
PLACEHOLDER_CLIENT_ID|CLIENT|/data/ucov/repro/commons-cli/Clients/AanshKot/IslandandCityGenerator|/a4-main/a4main/generator/src/main/java/ca/mcmaster/cas/se2aa4/a2/generator/configuration/configuration.java(57:27)|/a4-main/a4main/generator/src/main/java/ca/mcmaster/cas/se2aa4/a2/generator/configuration/configuration.java(57:70)|org.apache.commons.cli.Option|SYMBOL_KIND_CLASS|SYMBOL_USE_INSTANTIATION
PLACEHOLDER_CLIENT_ID|CLIENT|/data/ucov/repro/commons-cli/Clients/AanshKot/IslandandCityGenerator|/a4-main/a4main/generator/src/main/java/ca/mcmaster/cas/se2aa4/a2/generator/configuration/configuration.java(57:31)|/a4-main/a4main/generator/src/main/java/ca/mcmaster/cas/se2aa4/a2/generator/configuration/configuration.java(57:36)|org.apache.commons.cli.Option|SYMBOL_KIND_TYPE|SYMBOL_USE_TYPE_REFERENCE
PLACEHOLDER_CLIENT_ID|CLIENT|/data/ucov/repro/commons-cli/Clients/AanshKot/IslandandCityGenerator|/a4-main/a4main/generator/src/main/java/ca/mcmaster/cas/se2aa4/a2/generator/configuration/configuration.java(57:9)|/a4-main/a4main/generator/src/main/java/ca/mcmaster/cas/se2aa4/a2/generator/configuration/configuration.java(57:72)|org.apache.commons.cli.Options.addOption(org.apache.commons.cli.Option)|SYMBOL_KIND_METHOD|SYMBOL_USE_INVOCATION
PLACEHOLDER_CLIENT_ID|CLIENT|/data/ucov/repro/commons-cli/Clients/AanshKot/IslandandCityGenerator|/a4-main/a4main/generator/src/main/java/ca/mcmaster/cas/se2aa4/a2/generator/configuration/configuration.java(58:27)|/a4-main/a4main/generator/src/main/java/ca/mcmaster/cas/se2aa4/a2/generator/configuration/configuration.java(58:72)|org.apache.commons.cli.Option(java.lang.String,boolean,java.lang.String)|SYMBOL_KIND_CONSTRUCTOR|SYMBOL_USE_INVOCATION
PLACEHOLDER_CLIENT_ID|CLIENT|/data/ucov/repro/commons-cli/Clients/AanshKot/IslandandCityGenerator|/a4-main/a4main/generator/src/main/java/ca/mcmaster/cas/se2aa4/a2/generator/configuration/configuration.java(58:27)|/a4-main/a4main/generator/src/main/java/ca/mcmaster/cas/se2aa4/a2/generator/configuration/configuration.java(58:72)|org.apache.commons.cli.Option|SYMBOL_KIND_CLASS|SYMBOL_USE_INSTANTIATION
PLACEHOLDER_CLIENT_ID|CLIENT|/data/ucov/repro/commons-cli/Clients/AanshKot/IslandandCityGenerator|/a4-main/a4main/generator/src/main/java/ca/mcmaster/cas/se2aa4/a2/generator/configuration/configuration.java(58:31)|/a4-main/a4main/generator/src/main/java/ca/mcmaster/cas/se2aa4/a2/generator/configuration/configuration.java(58:36)|org.apache.commons.cli.Option|SYMBOL_KIND_TYPE|SYMBOL_USE_TYPE_REFERENCE
PLACEHOLDER_CLIENT_ID|CLIENT|/data/ucov/repro/commons-cli/Clients/AanshKot/IslandandCityGenerator|/a4-main/a4main/generator/src/main/java/ca/mcmaster/cas/se2aa4/a2/generator/configuration/configuration.java(58:9)|/a4-main/a4main/generator/src/main/java/ca/mcmaster/cas/se2aa4/a2/generator/configuration/configuration.java(58:74)|org.apache.commons.cli.Options.addOption(org.apache.commons.cli.Option)|SYMBOL_KIND_METHOD|SYMBOL_USE_INVOCATION
PLACEHOLDER_CLIENT_ID|CLIENT|/data/ucov/repro/commons-cli/Clients/AanshKot/IslandandCityGenerator|/a4-main/a4main/generator/src/main/java/ca/mcmaster/cas/se2aa4/a2/generator/configuration/configuration.java(59:27)|/a4-main/a4main/generator/src/main/java/ca/mcmaster/cas/se2aa4/a2/generator/configuration/configuration.java(59:72)|org.apache.commons.cli.Option(java.lang.String,boolean,java.lang.String)|SYMBOL_KIND_CONSTRUCTOR|SYMBOL_USE_INVOCATION
PLACEHOLDER_CLIENT_ID|CLIENT|/data/ucov/repro/commons-cli/Clients/AanshKot/IslandandCityGenerator|/a4-main/a4main/generator/src/main/java/ca/mcmaster/cas/se2aa4/a2/generator/configuration/configuration.java(59:27)|/a4-main/a4main/generator/src/main/java/ca/mcmaster/cas/se2aa4/a2/generator/configuration/configuration.java(59:72)|org.apache.commons.cli.Option|SYMBOL_KIND_CLASS|SYMBOL_USE_INSTANTIATION
PLACEHOLDER_CLIENT_ID|CLIENT|/data/ucov/repro/commons-cli/Clients/AanshKot/IslandandCityGenerator|/a4-main/a4main/generator/src/main/java/ca/mcmaster/cas/se2aa4/a2/generator/configuration/configuration.java(59:31)|/a4-main/a4main/generator/src/main/java/ca/mcmaster/cas/se2aa4/a2/generator/configuration/configuration.java(59:36)|org.apache.commons.cli.Option|SYMBOL_KIND_TYPE|SYMBOL_USE_TYPE_REFERENCE
PLACEHOLDER_CLIENT_ID|CLIENT|/data/ucov/repro/commons-cli/Clients/AanshKot/IslandandCityGenerator|/a4-main/a4main/generator/src/main/java/ca/mcmaster/cas/se2aa4/a2/generator/configuration/configuration.java(59:9)|/a4-main/a4main/generator/src/main/java/ca/mcmaster/cas/se2aa4/a2/generator/configuration/configuration.java(59:74)|org.apache.commons.cli.Options.addOption(org.apache.commons.cli.Option)|SYMBOL_KIND_METHOD|SYMBOL_USE_INVOCATION
PLACEHOLDER_CLIENT_ID|CLIENT|/data/ucov/repro/commons-cli/Clients/AanshKot/IslandandCityGenerator|/a4-main/a4main/generator/src/main/java/ca/mcmaster/cas/se2aa4/a2/generator/configuration/configuration.java(60:27)|/a4-main/a4main/generator/src/main/java/ca/mcmaster/cas/se2aa4/a2/generator/configuration/configuration.java(60:72)|org.apache.commons.cli.Option(java.lang.String,boolean,java.lang.String)|SYMBOL_KIND_CONSTRUCTOR|SYMBOL_USE_INVOCATION
PLACEHOLDER_CLIENT_ID|CLIENT|/data/ucov/repro/commons-cli/Clients/AanshKot/IslandandCityGenerator|/a4-main/a4main/generator/src/main/java/ca/mcmaster/cas/se2aa4/a2/generator/configuration/configuration.java(60:27)|/a4-main/a4main/generator/src/main/java/ca/mcmaster/cas/se2aa4/a2/generator/configuration/configuration.java(60:72)|org.apache.commons.cli.Option|SYMBOL_KIND_CLASS|SYMBOL_USE_INSTANTIATION
PLACEHOLDER_CLIENT_ID|CLIENT|/data/ucov/repro/commons-cli/Clients/AanshKot/IslandandCityGenerator|/a4-main/a4main/generator/src/main/java/ca/mcmaster/cas/se2aa4/a2/generator/configuration/configuration.java(60:31)|/a4-main/a4main/generator/src/main/java/ca/mcmaster/cas/se2aa4/a2/generator/configuration/configuration.java(60:36)|org.apache.commons.cli.Option|SYMBOL_KIND_TYPE|SYMBOL_USE_TYPE_REFERENCE
PLACEHOLDER_CLIENT_ID|CLIENT|/data/ucov/repro/commons-cli/Clients/AanshKot/IslandandCityGenerator|/a4-main/a4main/generator/src/main/java/ca/mcmaster/cas/se2aa4/a2/generator/configuration/configuration.java(60:9)|/a4-main/a4main/generator/src/main/java/ca/mcmaster/cas/se2aa4/a2/generator/configuration/configuration.java(60:74)|org.apache.commons.cli.Options.addOption(org.apache.commons.cli.Option)|SYMBOL_KIND_METHOD|SYMBOL_USE_INVOCATION
PLACEHOLDER_CLIENT_ID|CLIENT|/data/ucov/repro/commons-cli/Clients/AanshKot/IslandandCityGenerator|/a4-main/a4main/generator/src/main/java/ca/mcmaster/cas/se2aa4/a2/generator/configuration/configuration.java(61:27)|/a4-main/a4main/generator/src/main/java/ca/mcmaster/cas/se2aa4/a2/generator/configuration/configuration.java(61:75)|org.apache.commons.cli.Option(java.lang.String,boolean,java.lang.String)|SYMBOL_KIND_CONSTRUCTOR|SYMBOL_USE_INVOCATION
PLACEHOLDER_CLIENT_ID|CLIENT|/data/ucov/repro/commons-cli/Clients/AanshKot/IslandandCityGenerator|/a4-main/a4main/generator/src/main/java/ca/mcmaster/cas/se2aa4/a2/generator/configuration/configuration.java(61:27)|/a4-main/a4main/generator/src/main/java/ca/mcmaster/cas/se2aa4/a2/generator/configuration/configuration.java(61:75)|org.apache.commons.cli.Option|SYMBOL_KIND_CLASS|SYMBOL_USE_INSTANTIATION
PLACEHOLDER_CLIENT_ID|CLIENT|/data/ucov/repro/commons-cli/Clients/AanshKot/IslandandCityGenerator|/a4-main/a4main/generator/src/main/java/ca/mcmaster/cas/se2aa4/a2/generator/configuration/configuration.java(61:31)|/a4-main/a4main/generator/src/main/java/ca/mcmaster/cas/se2aa4/a2/generator/configuration/configuration.java(61:36)|org.apache.commons.cli.Option|SYMBOL_KIND_TYPE|SYMBOL_USE_TYPE_REFERENCE
PLACEHOLDER_CLIENT_ID|CLIENT|/data/ucov/repro/commons-cli/Clients/AanshKot/IslandandCityGenerator|/a4-main/a4main/generator/src/main/java/ca/mcmaster/cas/se2aa4/a2/generator/configuration/configuration.java(61:9)|/a4-main/a4main/generator/src/main/java/ca/mcmaster/cas/se2aa4/a2/generator/configuration/configuration.java(61:77)|org.apache.commons.cli.Options.addOption(org.apache.commons.cli.Option)|SYMBOL_KIND_METHOD|SYMBOL_USE_INVOCATION
PLACEHOLDER_CLIENT_ID|CLIENT|/data/ucov/repro/commons-cli/Clients/AanshKot/IslandandCityGenerator|/a4-main/a4main/generator/src/main/java/ca/mcmaster/cas/se2aa4/a2/generator/configuration/configuration.java(63:27)|/a4-main/a4main/generator/src/main/java/ca/mcmaster/cas/se2aa4/a2/generator/configuration/configuration.java(63:90)|org.apache.commons.cli.Option(java.lang.String,boolean,java.lang.String)|SYMBOL_KIND_CONSTRUCTOR|SYMBOL_USE_INVOCATION
PLACEHOLDER_CLIENT_ID|CLIENT|/data/ucov/repro/commons-cli/Clients/AanshKot/IslandandCityGenerator|/a4-main/a4main/generator/src/main/java/ca/mcmaster/cas/se2aa4/a2/generator/configuration/configuration.java(63:27)|/a4-main/a4main/generator/src/main/java/ca/mcmaster/cas/se2aa4/a2/generator/configuration/configuration.java(63:90)|org.apache.commons.cli.Option|SYMBOL_KIND_CLASS|SYMBOL_USE_INSTANTIATION
PLACEHOLDER_CLIENT_ID|CLIENT|/data/ucov/repro/commons-cli/Clients/AanshKot/IslandandCityGenerator|/a4-main/a4main/generator/src/main/java/ca/mcmaster/cas/se2aa4/a2/generator/configuration/configuration.java(63:31)|/a4-main/a4main/generator/src/main/java/ca/mcmaster/cas/se2aa4/a2/generator/configuration/configuration.java(63:36)|org.apache.commons.cli.Option|SYMBOL_KIND_TYPE|SYMBOL_USE_TYPE_REFERENCE
PLACEHOLDER_CLIENT_ID|CLIENT|/data/ucov/repro/commons-cli/Clients/AanshKot/IslandandCityGenerator|/a4-main/a4main/generator/src/main/java/ca/mcmaster/cas/se2aa4/a2/generator/configuration/configuration.java(63:9)|/a4-main/a4main/generator/src/main/java/ca/mcmaster/cas/se2aa4/a2/generator/configuration/configuration.java(63:92)|org.apache.commons.cli.Options.addOption(org.apache.commons.cli.Option)|SYMBOL_KIND_METHOD|SYMBOL_USE_INVOCATION
PLACEHOLDER_CLIENT_ID|CLIENT|/data/ucov/repro/commons-cli/Clients/AanshKot/IslandandCityGenerator|/a4-main/a4main/generator/src/main/java/ca/mcmaster/cas/se2aa4/a2/generator/configuration/configuration.java(65:27)|/a4-main/a4main/generator/src/main/java/ca/mcmaster/cas/se2aa4/a2/generator/configuration/configuration.java(65:97)|org.apache.commons.cli.Option(java.lang.String,boolean,java.lang.String)|SYMBOL_KIND_CONSTRUCTOR|SYMBOL_USE_INVOCATION
PLACEHOLDER_CLIENT_ID|CLIENT|/data/ucov/repro/commons-cli/Clients/AanshKot/IslandandCityGenerator|/a4-main/a4main/generator/src/main/java/ca/mcmaster/cas/se2aa4/a2/generator/configuration/configuration.java(65:27)|/a4-main/a4main/generator/src/main/java/ca/mcmaster/cas/se2aa4/a2/generator/configuration/configuration.java(65:97)|org.apache.commons.cli.Option|SYMBOL_KIND_CLASS|SYMBOL_USE_INSTANTIATION
PLACEHOLDER_CLIENT_ID|CLIENT|/data/ucov/repro/commons-cli/Clients/AanshKot/IslandandCityGenerator|/a4-main/a4main/generator/src/main/java/ca/mcmaster/cas/se2aa4/a2/generator/configuration/configuration.java(65:31)|/a4-main/a4main/generator/src/main/java/ca/mcmaster/cas/se2aa4/a2/generator/configuration/configuration.java(65:36)|org.apache.commons.cli.Option|SYMBOL_KIND_TYPE|SYMBOL_USE_TYPE_REFERENCE
PLACEHOLDER_CLIENT_ID|CLIENT|/data/ucov/repro/commons-cli/Clients/AanshKot/IslandandCityGenerator|/a4-main/a4main/generator/src/main/java/ca/mcmaster/cas/se2aa4/a2/generator/configuration/configuration.java(65:9)|/a4-main/a4main/generator/src/main/java/ca/mcmaster/cas/se2aa4/a2/generator/configuration/configuration.java(65:99)|org.apache.commons.cli.Options.addOption(org.apache.commons.cli.Option)|SYMBOL_KIND_METHOD|SYMBOL_USE_INVOCATION
PLACEHOLDER_CLIENT_ID|CLIENT|/data/ucov/repro/commons-cli/Clients/AanshKot/IslandandCityGenerator|/a4-main/a4main/generator/src/main/java/ca/mcmaster/cas/se2aa4/a2/generator/configuration/configuration.java(66:27)|/a4-main/a4main/generator/src/main/java/ca/mcmaster/cas/se2aa4/a2/generator/configuration/configuration.java(66:80)|org.apache.commons.cli.Option(java.lang.String,boolean,java.lang.String)|SYMBOL_KIND_CONSTRUCTOR|SYMBOL_USE_INVOCATION
PLACEHOLDER_CLIENT_ID|CLIENT|/data/ucov/repro/commons-cli/Clients/AanshKot/IslandandCityGenerator|/a4-main/a4main/generator/src/main/java/ca/mcmaster/cas/se2aa4/a2/generator/configuration/configuration.java(66:27)|/a4-main/a4main/generator/src/main/java/ca/mcmaster/cas/se2aa4/a2/generator/configuration/configuration.java(66:80)|org.apache.commons.cli.Option|SYMBOL_KIND_CLASS|SYMBOL_USE_INSTANTIATION
PLACEHOLDER_CLIENT_ID|CLIENT|/data/ucov/repro/commons-cli/Clients/AanshKot/IslandandCityGenerator|/a4-main/a4main/generator/src/main/java/ca/mcmaster/cas/se2aa4/a2/generator/configuration/configuration.java(66:31)|/a4-main/a4main/generator/src/main/java/ca/mcmaster/cas/se2aa4/a2/generator/configuration/configuration.java(66:36)|org.apache.commons.cli.Option|SYMBOL_KIND_TYPE|SYMBOL_USE_TYPE_REFERENCE
PLACEHOLDER_CLIENT_ID|CLIENT|/data/ucov/repro/commons-cli/Clients/AanshKot/IslandandCityGenerator|/a4-main/a4main/generator/src/main/java/ca/mcmaster/cas/se2aa4/a2/generator/configuration/configuration.java(66:9)|/a4-main/a4main/generator/src/main/java/ca/mcmaster/cas/se2aa4/a2/generator/configuration/configuration.java(66:82)|org.apache.commons.cli.Options.addOption(org.apache.commons.cli.Option)|SYMBOL_KIND_METHOD|SYMBOL_USE_INVOCATION
PLACEHOLDER_CLIENT_ID|CLIENT|/data/ucov/repro/commons-cli/Clients/AanshKot/IslandandCityGenerator|/a4-main/a4main/generator/src/main/java/ca/mcmaster/cas/se2aa4/a2/generator/configuration/configuration.java(68:27)|/a4-main/a4main/generator/src/main/java/ca/mcmaster/cas/se2aa4/a2/generator/configuration/configuration.java(68:71)|org.apache.commons.cli.Option(java.lang.String,boolean,java.lang.String)|SYMBOL_KIND_CONSTRUCTOR|SYMBOL_USE_INVOCATION
PLACEHOLDER_CLIENT_ID|CLIENT|/data/ucov/repro/commons-cli/Clients/AanshKot/IslandandCityGenerator|/a4-main/a4main/generator/src/main/java/ca/mcmaster/cas/se2aa4/a2/generator/configuration/configuration.java(68:27)|/a4-main/a4main/generator/src/main/java/ca/mcmaster/cas/se2aa4/a2/generator/configuration/configuration.java(68:71)|org.apache.commons.cli.Option|SYMBOL_KIND_CLASS|SYMBOL_USE_INSTANTIATION
PLACEHOLDER_CLIENT_ID|CLIENT|/data/ucov/repro/commons-cli/Clients/AanshKot/IslandandCityGenerator|/a4-main/a4main/generator/src/main/java/ca/mcmaster/cas/se2aa4/a2/generator/configuration/configuration.java(68:31)|/a4-main/a4main/generator/src/main/java/ca/mcmaster/cas/se2aa4/a2/generator/configuration/configuration.java(68:36)|org.apache.commons.cli.Option|SYMBOL_KIND_TYPE|SYMBOL_USE_TYPE_REFERENCE
PLACEHOLDER_CLIENT_ID|CLIENT|/data/ucov/repro/commons-cli/Clients/AanshKot/IslandandCityGenerator|/a4-main/a4main/generator/src/main/java/ca/mcmaster/cas/se2aa4/a2/generator/configuration/configuration.java(68:9)|/a4-main/a4main/generator/src/main/java/ca/mcmaster/cas/se2aa4/a2/generator/configuration/configuration.java(68:73)|org.apache.commons.cli.Options.addOption(org.apache.commons.cli.Option)|SYMBOL_KIND_METHOD|SYMBOL_USE_INVOCATION
PLACEHOLDER_CLIENT_ID|CLIENT|/data/ucov/repro/commons-cli/Clients/AanshKot/IslandandCityGenerator|/a4-main/a4main/generator/src/main/java/ca/mcmaster/cas/se2aa4/a2/generator/configuration/configuration.java(70:27)|/a4-main/a4main/generator/src/main/java/ca/mcmaster/cas/se2aa4/a2/generator/configuration/configuration.java(70:71)|org.apache.commons.cli.Option(java.lang.String,boolean,java.lang.String)|SYMBOL_KIND_CONSTRUCTOR|SYMBOL_USE_INVOCATION
PLACEHOLDER_CLIENT_ID|CLIENT|/data/ucov/repro/commons-cli/Clients/AanshKot/IslandandCityGenerator|/a4-main/a4main/generator/src/main/java/ca/mcmaster/cas/se2aa4/a2/generator/configuration/configuration.java(70:27)|/a4-main/a4main/generator/src/main/java/ca/mcmaster/cas/se2aa4/a2/generator/configuration/configuration.java(70:71)|org.apache.commons.cli.Option|SYMBOL_KIND_CLASS|SYMBOL_USE_INSTANTIATION
PLACEHOLDER_CLIENT_ID|CLIENT|/data/ucov/repro/commons-cli/Clients/AanshKot/IslandandCityGenerator|/a4-main/a4main/generator/src/main/java/ca/mcmaster/cas/se2aa4/a2/generator/configuration/configuration.java(70:31)|/a4-main/a4main/generator/src/main/java/ca/mcmaster/cas/se2aa4/a2/generator/configuration/configuration.java(70:36)|org.apache.commons.cli.Option|SYMBOL_KIND_TYPE|SYMBOL_USE_TYPE_REFERENCE
PLACEHOLDER_CLIENT_ID|CLIENT|/data/ucov/repro/commons-cli/Clients/AanshKot/IslandandCityGenerator|/a4-main/a4main/generator/src/main/java/ca/mcmaster/cas/se2aa4/a2/generator/configuration/configuration.java(70:9)|/a4-main/a4main/generator/src/main/java/ca/mcmaster/cas/se2aa4/a2/generator/configuration/configuration.java(70:73)|org.apache.commons.cli.Options.addOption(org.apache.commons.cli.Option)|SYMBOL_KIND_METHOD|SYMBOL_USE_INVOCATION
PLACEHOLDER_CLIENT_ID|CLIENT|/data/ucov/repro/commons-cli/Clients/AanshKot/IslandandCityGenerator|/a4-main/a4main/island/src/main/java/islandgenerator/configuration/configuration.java(23:13)|/a4-main/a4main/island/src/main/java/islandgenerator/configuration/configuration.java(23:23)|org.apache.commons.cli.CommandLine|SYMBOL_KIND_TYPE|SYMBOL_USE_TYPE_REFERENCE
PLACEHOLDER_CLIENT_ID|CLIENT|/data/ucov/repro/commons-cli/Clients/AanshKot/IslandandCityGenerator|/a4-main/a4main/island/src/main/java/islandgenerator/configuration/configuration.java(26:24)|/a4-main/a4main/island/src/main/java/islandgenerator/configuration/configuration.java(26:54)|org.apache.commons.cli.CommandLineParser.parse(org.apache.commons.cli.Options,java.lang.String[])|SYMBOL_KIND_METHOD|SYMBOL_USE_VIRTUAL_INVOCATION
PLACEHOLDER_CLIENT_ID|CLIENT|/data/ucov/repro/commons-cli/Clients/AanshKot/IslandandCityGenerator|/a4-main/a4main/island/src/main/java/islandgenerator/configuration/configuration.java(27:18)|/a4-main/a4main/island/src/main/java/islandgenerator/configuration/configuration.java(27:31)|org.apache.commons.cli.ParseException|SYMBOL_KIND_TYPE|SYMBOL_USE_TYPE_REFERENCE
PLACEHOLDER_CLIENT_ID|CLIENT|/data/ucov/repro/commons-cli/Clients/AanshKot/IslandandCityGenerator|/a4-main/a4main/island/src/main/java/islandgenerator/configuration/configuration.java(32:13)|/a4-main/a4main/island/src/main/java/islandgenerator/configuration/configuration.java(32:29)|org.apache.commons.cli.CommandLineParser|SYMBOL_KIND_TYPE|SYMBOL_USE_TYPE_REFERENCE
PLACEHOLDER_CLIENT_ID|CLIENT|/data/ucov/repro/commons-cli/Clients/AanshKot/IslandandCityGenerator|/a4-main/a4main/island/src/main/java/islandgenerator/configuration/configuration.java(33:16)|/a4-main/a4main/island/src/main/java/islandgenerator/configuration/configuration.java(33:34)|org.apache.commons.cli.DefaultParser()|SYMBOL_KIND_CONSTRUCTOR|SYMBOL_USE_INVOCATION
PLACEHOLDER_CLIENT_ID|CLIENT|/data/ucov/repro/commons-cli/Clients/AanshKot/IslandandCityGenerator|/a4-main/a4main/island/src/main/java/islandgenerator/configuration/configuration.java(33:16)|/a4-main/a4main/island/src/main/java/islandgenerator/configuration/configuration.java(33:34)|org.apache.commons.cli.DefaultParser|SYMBOL_KIND_CLASS|SYMBOL_USE_INSTANTIATION
PLACEHOLDER_CLIENT_ID|CLIENT|/data/ucov/repro/commons-cli/Clients/AanshKot/IslandandCityGenerator|/a4-main/a4main/island/src/main/java/islandgenerator/configuration/configuration.java(33:20)|/a4-main/a4main/island/src/main/java/islandgenerator/configuration/configuration.java(33:32)|org.apache.commons.cli.DefaultParser|SYMBOL_KIND_TYPE|SYMBOL_USE_TYPE_REFERENCE
PLACEHOLDER_CLIENT_ID|CLIENT|/data/ucov/repro/commons-cli/Clients/AanshKot/IslandandCityGenerator|/a4-main/a4main/island/src/main/java/islandgenerator/configuration/configuration.java(37:16)|/a4-main/a4main/island/src/main/java/islandgenerator/configuration/configuration.java(37:45)|org.apache.commons.cli.CommandLine.getOptionValue(java.lang.String)|SYMBOL_KIND_METHOD|SYMBOL_USE_INVOCATION
PLACEHOLDER_CLIENT_ID|CLIENT|/data/ucov/repro/commons-cli/Clients/AanshKot/IslandandCityGenerator|/a4-main/a4main/island/src/main/java/islandgenerator/configuration/configuration.java(41:16)|/a4-main/a4main/island/src/main/java/islandgenerator/configuration/configuration.java(41:61)|org.apache.commons.cli.CommandLine.getOptionValue(java.lang.String,java.lang.String)|SYMBOL_KIND_METHOD|SYMBOL_USE_INVOCATION
PLACEHOLDER_CLIENT_ID|CLIENT|/data/ucov/repro/commons-cli/Clients/AanshKot/IslandandCityGenerator|/a4-main/a4main/island/src/main/java/islandgenerator/configuration/configuration.java(45:16)|/a4-main/a4main/island/src/main/java/islandgenerator/configuration/configuration.java(45:44)|org.apache.commons.cli.CommandLine.getOptionValue(java.lang.String)|SYMBOL_KIND_METHOD|SYMBOL_USE_INVOCATION
PLACEHOLDER_CLIENT_ID|CLIENT|/data/ucov/repro/commons-cli/Clients/AanshKot/IslandandCityGenerator|/a4-main/a4main/island/src/main/java/islandgenerator/configuration/configuration.java(49:16)|/a4-main/a4main/island/src/main/java/islandgenerator/configuration/configuration.java(49:54)|org.apache.commons.cli.CommandLine.getOptionValue(java.lang.String,java.lang.String)|SYMBOL_KIND_METHOD|SYMBOL_USE_INVOCATION
PLACEHOLDER_CLIENT_ID|CLIENT|/data/ucov/repro/commons-cli/Clients/AanshKot/IslandandCityGenerator|/a4-main/a4main/island/src/main/java/islandgenerator/configuration/configuration.java(53:16)|/a4-main/a4main/island/src/main/java/islandgenerator/configuration/configuration.java(53:67)|org.apache.commons.cli.CommandLine.getOptionValue(java.lang.String,java.lang.String)|SYMBOL_KIND_METHOD|SYMBOL_USE_INVOCATION
PLACEHOLDER_CLIENT_ID|CLIENT|/data/ucov/repro/commons-cli/Clients/AanshKot/IslandandCityGenerator|/a4-main/a4main/island/src/main/java/islandgenerator/configuration/configuration.java(57:16)|/a4-main/a4main/island/src/main/java/islandgenerator/configuration/configuration.java(57:49)|org.apache.commons.cli.CommandLine.getOptionValue(java.lang.String,java.lang.String)|SYMBOL_KIND_METHOD|SYMBOL_USE_INVOCATION
PLACEHOLDER_CLIENT_ID|CLIENT|/data/ucov/repro/commons-cli/Clients/AanshKot/IslandandCityGenerator|/a4-main/a4main/island/src/main/java/islandgenerator/configuration/configuration.java(61:16)|/a4-main/a4main/island/src/main/java/islandgenerator/configuration/configuration.java(61:52)|org.apache.commons.cli.CommandLine.getOptionValue(java.lang.String,java.lang.String)|SYMBOL_KIND_METHOD|SYMBOL_USE_INVOCATION
PLACEHOLDER_CLIENT_ID|CLIENT|/data/ucov/repro/commons-cli/Clients/AanshKot/IslandandCityGenerator|/a4-main/a4main/island/src/main/java/islandgenerator/configuration/configuration.java(65:16)|/a4-main/a4main/island/src/main/java/islandgenerator/configuration/configuration.java(65:50)|org.apache.commons.cli.CommandLine.getOptionValue(java.lang.String,java.lang.String)|SYMBOL_KIND_METHOD|SYMBOL_USE_INVOCATION
PLACEHOLDER_CLIENT_ID|CLIENT|/data/ucov/repro/commons-cli/Clients/AanshKot/IslandandCityGenerator|/a4-main/a4main/island/src/main/java/islandgenerator/configuration/configuration.java(69:16)|/a4-main/a4main/island/src/main/java/islandgenerator/configuration/configuration.java(69:52)|org.apache.commons.cli.CommandLine.getOptionValue(java.lang.String,java.lang.String)|SYMBOL_KIND_METHOD|SYMBOL_USE_INVOCATION
PLACEHOLDER_CLIENT_ID|CLIENT|/data/ucov/repro/commons-cli/Clients/AanshKot/IslandandCityGenerator|/a4-main/a4main/island/src/main/java/islandgenerator/configuration/configuration.java(73:16)|/a4-main/a4main/island/src/main/java/islandgenerator/configuration/configuration.java(73:44)|org.apache.commons.cli.CommandLine.getOptionValue(java.lang.String)|SYMBOL_KIND_METHOD|SYMBOL_USE_INVOCATION
PLACEHOLDER_CLIENT_ID|CLIENT|/data/ucov/repro/commons-cli/Clients/AanshKot/IslandandCityGenerator|/a4-main/a4main/island/src/main/java/islandgenerator/configuration/configuration.java(77:16)|/a4-main/a4main/island/src/main/java/islandgenerator/configuration/configuration.java(77:53)|org.apache.commons.cli.CommandLine.getOptionValue(java.lang.String,java.lang.String)|SYMBOL_KIND_METHOD|SYMBOL_USE_INVOCATION
PLACEHOLDER_CLIENT_ID|CLIENT|/data/ucov/repro/commons-cli/Clients/AanshKot/IslandandCityGenerator|/a4-main/a4main/island/src/main/java/islandgenerator/configuration/configuration.java(81:16)|/a4-main/a4main/island/src/main/java/islandgenerator/configuration/configuration.java(81:51)|org.apache.commons.cli.CommandLine.getOptionValue(java.lang.String,java.lang.String)|SYMBOL_KIND_METHOD|SYMBOL_USE_INVOCATION
PLACEHOLDER_CLIENT_ID|CLIENT|/data/ucov/repro/commons-cli/Clients/AanshKot/IslandandCityGenerator|/a4-main/a4main/island/src/main/java/islandgenerator/configuration/configuration.java(84:13)|/a4-main/a4main/island/src/main/java/islandgenerator/configuration/configuration.java(84:19)|org.apache.commons.cli.Options|SYMBOL_KIND_TYPE|SYMBOL_USE_TYPE_REFERENCE
PLACEHOLDER_CLIENT_ID|CLIENT|/data/ucov/repro/commons-cli/Clients/AanshKot/IslandandCityGenerator|/a4-main/a4main/island/src/main/java/islandgenerator/configuration/configuration.java(85:27)|/a4-main/a4main/island/src/main/java/islandgenerator/configuration/configuration.java(85:39)|org.apache.commons.cli.Options()|SYMBOL_KIND_CONSTRUCTOR|SYMBOL_USE_INVOCATION
PLACEHOLDER_CLIENT_ID|CLIENT|/data/ucov/repro/commons-cli/Clients/AanshKot/IslandandCityGenerator|/a4-main/a4main/island/src/main/java/islandgenerator/configuration/configuration.java(85:27)|/a4-main/a4main/island/src/main/java/islandgenerator/configuration/configuration.java(85:39)|org.apache.commons.cli.Options|SYMBOL_KIND_CLASS|SYMBOL_USE_INSTANTIATION
PLACEHOLDER_CLIENT_ID|CLIENT|/data/ucov/repro/commons-cli/Clients/AanshKot/IslandandCityGenerator|/a4-main/a4main/island/src/main/java/islandgenerator/configuration/configuration.java(85:31)|/a4-main/a4main/island/src/main/java/islandgenerator/configuration/configuration.java(85:37)|org.apache.commons.cli.Options|SYMBOL_KIND_TYPE|SYMBOL_USE_TYPE_REFERENCE
PLACEHOLDER_CLIENT_ID|CLIENT|/data/ucov/repro/commons-cli/Clients/AanshKot/IslandandCityGenerator|/a4-main/a4main/island/src/main/java/islandgenerator/configuration/configuration.java(85:9)|/a4-main/a4main/island/src/main/java/islandgenerator/configuration/configuration.java(85:15)|org.apache.commons.cli.Options|SYMBOL_KIND_TYPE|SYMBOL_USE_TYPE_REFERENCE
PLACEHOLDER_CLIENT_ID|CLIENT|/data/ucov/repro/commons-cli/Clients/AanshKot/IslandandCityGenerator|/a4-main/a4main/island/src/main/java/islandgenerator/configuration/configuration.java(86:27)|/a4-main/a4main/island/src/main/java/islandgenerator/configuration/configuration.java(86:70)|org.apache.commons.cli.Option(java.lang.String,boolean,java.lang.String)|SYMBOL_KIND_CONSTRUCTOR|SYMBOL_USE_INVOCATION
PLACEHOLDER_CLIENT_ID|CLIENT|/data/ucov/repro/commons-cli/Clients/AanshKot/IslandandCityGenerator|/a4-main/a4main/island/src/main/java/islandgenerator/configuration/configuration.java(86:27)|/a4-main/a4main/island/src/main/java/islandgenerator/configuration/configuration.java(86:70)|org.apache.commons.cli.Option|SYMBOL_KIND_CLASS|SYMBOL_USE_INSTANTIATION
PLACEHOLDER_CLIENT_ID|CLIENT|/data/ucov/repro/commons-cli/Clients/AanshKot/IslandandCityGenerator|/a4-main/a4main/island/src/main/java/islandgenerator/configuration/configuration.java(86:31)|/a4-main/a4main/island/src/main/java/islandgenerator/configuration/configuration.java(86:36)|org.apache.commons.cli.Option|SYMBOL_KIND_TYPE|SYMBOL_USE_TYPE_REFERENCE
PLACEHOLDER_CLIENT_ID|CLIENT|/data/ucov/repro/commons-cli/Clients/AanshKot/IslandandCityGenerator|/a4-main/a4main/island/src/main/java/islandgenerator/configuration/configuration.java(86:9)|/a4-main/a4main/island/src/main/java/islandgenerator/configuration/configuration.java(86:72)|org.apache.commons.cli.Options.addOption(org.apache.commons.cli.Option)|SYMBOL_KIND_METHOD|SYMBOL_USE_INVOCATION
PLACEHOLDER_CLIENT_ID|CLIENT|/data/ucov/repro/commons-cli/Clients/AanshKot/IslandandCityGenerator|/a4-main/a4main/island/src/main/java/islandgenerator/configuration/configuration.java(87:27)|/a4-main/a4main/island/src/main/java/islandgenerator/configuration/configuration.java(87:72)|org.apache.commons.cli.Option(java.lang.String,boolean,java.lang.String)|SYMBOL_KIND_CONSTRUCTOR|SYMBOL_USE_INVOCATION
PLACEHOLDER_CLIENT_ID|CLIENT|/data/ucov/repro/commons-cli/Clients/AanshKot/IslandandCityGenerator|/a4-main/a4main/island/src/main/java/islandgenerator/configuration/configuration.java(87:27)|/a4-main/a4main/island/src/main/java/islandgenerator/configuration/configuration.java(87:72)|org.apache.commons.cli.Option|SYMBOL_KIND_CLASS|SYMBOL_USE_INSTANTIATION
PLACEHOLDER_CLIENT_ID|CLIENT|/data/ucov/repro/commons-cli/Clients/AanshKot/IslandandCityGenerator|/a4-main/a4main/island/src/main/java/islandgenerator/configuration/configuration.java(87:31)|/a4-main/a4main/island/src/main/java/islandgenerator/configuration/configuration.java(87:36)|org.apache.commons.cli.Option|SYMBOL_KIND_TYPE|SYMBOL_USE_TYPE_REFERENCE
PLACEHOLDER_CLIENT_ID|CLIENT|/data/ucov/repro/commons-cli/Clients/AanshKot/IslandandCityGenerator|/a4-main/a4main/island/src/main/java/islandgenerator/configuration/configuration.java(87:9)|/a4-main/a4main/island/src/main/java/islandgenerator/configuration/configuration.java(87:74)|org.apache.commons.cli.Options.addOption(org.apache.commons.cli.Option)|SYMBOL_KIND_METHOD|SYMBOL_USE_INVOCATION
PLACEHOLDER_CLIENT_ID|CLIENT|/data/ucov/repro/commons-cli/Clients/AanshKot/IslandandCityGenerator|/a4-main/a4main/island/src/main/java/islandgenerator/configuration/configuration.java(88:27)|/a4-main/a4main/island/src/main/java/islandgenerator/configuration/configuration.java(88:105)|org.apache.commons.cli.Option$Builder.build()|SYMBOL_KIND_METHOD|SYMBOL_USE_INVOCATION
PLACEHOLDER_CLIENT_ID|CLIENT|/data/ucov/repro/commons-cli/Clients/AanshKot/IslandandCityGenerator|/a4-main/a4main/island/src/main/java/islandgenerator/configuration/configuration.java(88:27)|/a4-main/a4main/island/src/main/java/islandgenerator/configuration/configuration.java(88:47)|org.apache.commons.cli.Option.builder(java.lang.String)|SYMBOL_KIND_METHOD|SYMBOL_USE_STATIC_INVOCATION
PLACEHOLDER_CLIENT_ID|CLIENT|/data/ucov/repro/commons-cli/Clients/AanshKot/IslandandCityGenerator|/a4-main/a4main/island/src/main/java/islandgenerator/configuration/configuration.java(88:27)|/a4-main/a4main/island/src/main/java/islandgenerator/configuration/configuration.java(88:64)|org.apache.commons.cli.Option$Builder.longOpt(java.lang.String)|SYMBOL_KIND_METHOD|SYMBOL_USE_INVOCATION
PLACEHOLDER_CLIENT_ID|CLIENT|/data/ucov/repro/commons-cli/Clients/AanshKot/IslandandCityGenerator|/a4-main/a4main/island/src/main/java/islandgenerator/configuration/configuration.java(88:27)|/a4-main/a4main/island/src/main/java/islandgenerator/configuration/configuration.java(88:73)|org.apache.commons.cli.Option$Builder.hasArg()|SYMBOL_KIND_METHOD|SYMBOL_USE_INVOCATION
PLACEHOLDER_CLIENT_ID|CLIENT|/data/ucov/repro/commons-cli/Clients/AanshKot/IslandandCityGenerator|/a4-main/a4main/island/src/main/java/islandgenerator/configuration/configuration.java(88:27)|/a4-main/a4main/island/src/main/java/islandgenerator/configuration/configuration.java(88:97)|org.apache.commons.cli.Option$Builder.desc(java.lang.String)|SYMBOL_KIND_METHOD|SYMBOL_USE_INVOCATION
PLACEHOLDER_CLIENT_ID|CLIENT|/data/ucov/repro/commons-cli/Clients/AanshKot/IslandandCityGenerator|/a4-main/a4main/island/src/main/java/islandgenerator/configuration/configuration.java(88:9)|/a4-main/a4main/island/src/main/java/islandgenerator/configuration/configuration.java(88:107)|org.apache.commons.cli.Options.addOption(org.apache.commons.cli.Option)|SYMBOL_KIND_METHOD|SYMBOL_USE_INVOCATION
PLACEHOLDER_CLIENT_ID|CLIENT|/data/ucov/repro/commons-cli/Clients/AanshKot/IslandandCityGenerator|/a4-main/a4main/island/src/main/java/islandgenerator/configuration/configuration.java(89:27)|/a4-main/a4main/island/src/main/java/islandgenerator/configuration/configuration.java(89:46)|org.apache.commons.cli.Option.builder(java.lang.String)|SYMBOL_KIND_METHOD|SYMBOL_USE_STATIC_INVOCATION
PLACEHOLDER_CLIENT_ID|CLIENT|/data/ucov/repro/commons-cli/Clients/AanshKot/IslandandCityGenerator|/a4-main/a4main/island/src/main/java/islandgenerator/configuration/configuration.java(89:27)|/a4-main/a4main/island/src/main/java/islandgenerator/configuration/configuration.java(89:62)|org.apache.commons.cli.Option$Builder.longOpt(java.lang.String)|SYMBOL_KIND_METHOD|SYMBOL_USE_INVOCATION
PLACEHOLDER_CLIENT_ID|CLIENT|/data/ucov/repro/commons-cli/Clients/AanshKot/IslandandCityGenerator|/a4-main/a4main/island/src/main/java/islandgenerator/configuration/configuration.java(89:27)|/a4-main/a4main/island/src/main/java/islandgenerator/configuration/configuration.java(89:71)|org.apache.commons.cli.Option$Builder.hasArg()|SYMBOL_KIND_METHOD|SYMBOL_USE_INVOCATION
PLACEHOLDER_CLIENT_ID|CLIENT|/data/ucov/repro/commons-cli/Clients/AanshKot/IslandandCityGenerator|/a4-main/a4main/island/src/main/java/islandgenerator/configuration/configuration.java(89:27)|/a4-main/a4main/island/src/main/java/islandgenerator/configuration/configuration.java(89:84)|org.apache.commons.cli.Option$Builder.desc(java.lang.String)|SYMBOL_KIND_METHOD|SYMBOL_USE_INVOCATION
PLACEHOLDER_CLIENT_ID|CLIENT|/data/ucov/repro/commons-cli/Clients/AanshKot/IslandandCityGenerator|/a4-main/a4main/island/src/main/java/islandgenerator/configuration/configuration.java(89:27)|/a4-main/a4main/island/src/main/java/islandgenerator/configuration/configuration.java(89:92)|org.apache.commons.cli.Option$Builder.build()|SYMBOL_KIND_METHOD|SYMBOL_USE_INVOCATION
PLACEHOLDER_CLIENT_ID|CLIENT|/data/ucov/repro/commons-cli/Clients/AanshKot/IslandandCityGenerator|/a4-main/a4main/island/src/main/java/islandgenerator/configuration/configuration.java(89:9)|/a4-main/a4main/island/src/main/java/islandgenerator/configuration/configuration.java(89:94)|org.apache.commons.cli.Options.addOption(org.apache.commons.cli.Option)|SYMBOL_KIND_METHOD|SYMBOL_USE_INVOCATION
PLACEHOLDER_CLIENT_ID|CLIENT|/data/ucov/repro/commons-cli/Clients/AanshKot/IslandandCityGenerator|/a4-main/a4main/island/src/main/java/islandgenerator/configuration/configuration.java(90:27)|/a4-main/a4main/island/src/main/java/islandgenerator/configuration/configuration.java(90:114)|org.apache.commons.cli.Option$Builder.desc(java.lang.String)|SYMBOL_KIND_METHOD|SYMBOL_USE_INVOCATION
PLACEHOLDER_CLIENT_ID|CLIENT|/data/ucov/repro/commons-cli/Clients/AanshKot/IslandandCityGenerator|/a4-main/a4main/island/src/main/java/islandgenerator/configuration/configuration.java(90:27)|/a4-main/a4main/island/src/main/java/islandgenerator/configuration/configuration.java(90:122)|org.apache.commons.cli.Option$Builder.build()|SYMBOL_KIND_METHOD|SYMBOL_USE_INVOCATION
PLACEHOLDER_CLIENT_ID|CLIENT|/data/ucov/repro/commons-cli/Clients/AanshKot/IslandandCityGenerator|/a4-main/a4main/island/src/main/java/islandgenerator/configuration/configuration.java(90:27)|/a4-main/a4main/island/src/main/java/islandgenerator/configuration/configuration.java(90:59)|org.apache.commons.cli.Option.builder(java.lang.String)|SYMBOL_KIND_METHOD|SYMBOL_USE_STATIC_INVOCATION
PLACEHOLDER_CLIENT_ID|CLIENT|/data/ucov/repro/commons-cli/Clients/AanshKot/IslandandCityGenerator|/a4-main/a4main/island/src/main/java/islandgenerator/configuration/configuration.java(90:27)|/a4-main/a4main/island/src/main/java/islandgenerator/configuration/configuration.java(90:79)|org.apache.commons.cli.Option$Builder.longOpt(java.lang.String)|SYMBOL_KIND_METHOD|SYMBOL_USE_INVOCATION
PLACEHOLDER_CLIENT_ID|CLIENT|/data/ucov/repro/commons-cli/Clients/AanshKot/IslandandCityGenerator|/a4-main/a4main/island/src/main/java/islandgenerator/configuration/configuration.java(90:27)|/a4-main/a4main/island/src/main/java/islandgenerator/configuration/configuration.java(90:88)|org.apache.commons.cli.Option$Builder.hasArg()|SYMBOL_KIND_METHOD|SYMBOL_USE_INVOCATION
PLACEHOLDER_CLIENT_ID|CLIENT|/data/ucov/repro/commons-cli/Clients/AanshKot/IslandandCityGenerator|/a4-main/a4main/island/src/main/java/islandgenerator/configuration/configuration.java(90:9)|/a4-main/a4main/island/src/main/java/islandgenerator/configuration/configuration.java(90:124)|org.apache.commons.cli.Options.addOption(org.apache.commons.cli.Option)|SYMBOL_KIND_METHOD|SYMBOL_USE_INVOCATION
PLACEHOLDER_CLIENT_ID|CLIENT|/data/ucov/repro/commons-cli/Clients/AanshKot/IslandandCityGenerator|/a4-main/a4main/island/src/main/java/islandgenerator/configuration/configuration.java(91:27)|/a4-main/a4main/island/src/main/java/islandgenerator/configuration/configuration.java(91:107)|org.apache.commons.cli.Option$Builder.desc(java.lang.String)|SYMBOL_KIND_METHOD|SYMBOL_USE_INVOCATION
PLACEHOLDER_CLIENT_ID|CLIENT|/data/ucov/repro/commons-cli/Clients/AanshKot/IslandandCityGenerator|/a4-main/a4main/island/src/main/java/islandgenerator/configuration/configuration.java(91:27)|/a4-main/a4main/island/src/main/java/islandgenerator/configuration/configuration.java(91:115)|org.apache.commons.cli.Option$Builder.build()|SYMBOL_KIND_METHOD|SYMBOL_USE_INVOCATION
PLACEHOLDER_CLIENT_ID|CLIENT|/data/ucov/repro/commons-cli/Clients/AanshKot/IslandandCityGenerator|/a4-main/a4main/island/src/main/java/islandgenerator/configuration/configuration.java(91:27)|/a4-main/a4main/island/src/main/java/islandgenerator/configuration/configuration.java(91:47)|org.apache.commons.cli.Option.builder(java.lang.String)|SYMBOL_KIND_METHOD|SYMBOL_USE_STATIC_INVOCATION
PLACEHOLDER_CLIENT_ID|CLIENT|/data/ucov/repro/commons-cli/Clients/AanshKot/IslandandCityGenerator|/a4-main/a4main/island/src/main/java/islandgenerator/configuration/configuration.java(91:27)|/a4-main/a4main/island/src/main/java/islandgenerator/configuration/configuration.java(91:64)|org.apache.commons.cli.Option$Builder.longOpt(java.lang.String)|SYMBOL_KIND_METHOD|SYMBOL_USE_INVOCATION
PLACEHOLDER_CLIENT_ID|CLIENT|/data/ucov/repro/commons-cli/Clients/AanshKot/IslandandCityGenerator|/a4-main/a4main/island/src/main/java/islandgenerator/configuration/configuration.java(91:27)|/a4-main/a4main/island/src/main/java/islandgenerator/configuration/configuration.java(91:73)|org.apache.commons.cli.Option$Builder.hasArg()|SYMBOL_KIND_METHOD|SYMBOL_USE_INVOCATION
PLACEHOLDER_CLIENT_ID|CLIENT|/data/ucov/repro/commons-cli/Clients/AanshKot/IslandandCityGenerator|/a4-main/a4main/island/src/main/java/islandgenerator/configuration/configuration.java(91:9)|/a4-main/a4main/island/src/main/java/islandgenerator/configuration/configuration.java(91:117)|org.apache.commons.cli.Options.addOption(org.apache.commons.cli.Option)|SYMBOL_KIND_METHOD|SYMBOL_USE_INVOCATION
PLACEHOLDER_CLIENT_ID|CLIENT|/data/ucov/repro/commons-cli/Clients/AanshKot/IslandandCityGenerator|/a4-main/a4main/island/src/main/java/islandgenerator/configuration/configuration.java(92:27)|/a4-main/a4main/island/src/main/java/islandgenerator/configuration/configuration.java(92:106)|org.apache.commons.cli.Option$Builder.desc(java.lang.String)|SYMBOL_KIND_METHOD|SYMBOL_USE_INVOCATION
PLACEHOLDER_CLIENT_ID|CLIENT|/data/ucov/repro/commons-cli/Clients/AanshKot/IslandandCityGenerator|/a4-main/a4main/island/src/main/java/islandgenerator/configuration/configuration.java(92:27)|/a4-main/a4main/island/src/main/java/islandgenerator/configuration/configuration.java(92:114)|org.apache.commons.cli.Option$Builder.build()|SYMBOL_KIND_METHOD|SYMBOL_USE_INVOCATION
PLACEHOLDER_CLIENT_ID|CLIENT|/data/ucov/repro/commons-cli/Clients/AanshKot/IslandandCityGenerator|/a4-main/a4main/island/src/main/java/islandgenerator/configuration/configuration.java(92:27)|/a4-main/a4main/island/src/main/java/islandgenerator/configuration/configuration.java(92:50)|org.apache.commons.cli.Option.builder(java.lang.String)|SYMBOL_KIND_METHOD|SYMBOL_USE_STATIC_INVOCATION
PLACEHOLDER_CLIENT_ID|CLIENT|/data/ucov/repro/commons-cli/Clients/AanshKot/IslandandCityGenerator|/a4-main/a4main/island/src/main/java/islandgenerator/configuration/configuration.java(92:27)|/a4-main/a4main/island/src/main/java/islandgenerator/configuration/configuration.java(92:70)|org.apache.commons.cli.Option$Builder.longOpt(java.lang.String)|SYMBOL_KIND_METHOD|SYMBOL_USE_INVOCATION
PLACEHOLDER_CLIENT_ID|CLIENT|/data/ucov/repro/commons-cli/Clients/AanshKot/IslandandCityGenerator|/a4-main/a4main/island/src/main/java/islandgenerator/configuration/configuration.java(92:27)|/a4-main/a4main/island/src/main/java/islandgenerator/configuration/configuration.java(92:79)|org.apache.commons.cli.Option$Builder.hasArg()|SYMBOL_KIND_METHOD|SYMBOL_USE_INVOCATION
PLACEHOLDER_CLIENT_ID|CLIENT|/data/ucov/repro/commons-cli/Clients/AanshKot/IslandandCityGenerator|/a4-main/a4main/island/src/main/java/islandgenerator/configuration/configuration.java(92:9)|/a4-main/a4main/island/src/main/java/islandgenerator/configuration/configuration.java(92:116)|org.apache.commons.cli.Options.addOption(org.apache.commons.cli.Option)|SYMBOL_KIND_METHOD|SYMBOL_USE_INVOCATION
PLACEHOLDER_CLIENT_ID|CLIENT|/data/ucov/repro/commons-cli/Clients/AanshKot/IslandandCityGenerator|/a4-main/a4main/island/src/main/java/islandgenerator/configuration/configuration.java(93:27)|/a4-main/a4main/island/src/main/java/islandgenerator/configuration/configuration.java(93:46)|org.apache.commons.cli.Option.builder(java.lang.String)|SYMBOL_KIND_METHOD|SYMBOL_USE_STATIC_INVOCATION
PLACEHOLDER_CLIENT_ID|CLIENT|/data/ucov/repro/commons-cli/Clients/AanshKot/IslandandCityGenerator|/a4-main/a4main/island/src/main/java/islandgenerator/configuration/configuration.java(93:27)|/a4-main/a4main/island/src/main/java/islandgenerator/configuration/configuration.java(93:62)|org.apache.commons.cli.Option$Builder.longOpt(java.lang.String)|SYMBOL_KIND_METHOD|SYMBOL_USE_INVOCATION
PLACEHOLDER_CLIENT_ID|CLIENT|/data/ucov/repro/commons-cli/Clients/AanshKot/IslandandCityGenerator|/a4-main/a4main/island/src/main/java/islandgenerator/configuration/configuration.java(93:27)|/a4-main/a4main/island/src/main/java/islandgenerator/configuration/configuration.java(93:71)|org.apache.commons.cli.Option$Builder.hasArg()|SYMBOL_KIND_METHOD|SYMBOL_USE_INVOCATION
PLACEHOLDER_CLIENT_ID|CLIENT|/data/ucov/repro/commons-cli/Clients/AanshKot/IslandandCityGenerator|/a4-main/a4main/island/src/main/java/islandgenerator/configuration/configuration.java(93:27)|/a4-main/a4main/island/src/main/java/islandgenerator/configuration/configuration.java(93:89)|org.apache.commons.cli.Option$Builder.desc(java.lang.String)|SYMBOL_KIND_METHOD|SYMBOL_USE_INVOCATION
PLACEHOLDER_CLIENT_ID|CLIENT|/data/ucov/repro/commons-cli/Clients/AanshKot/IslandandCityGenerator|/a4-main/a4main/island/src/main/java/islandgenerator/configuration/configuration.java(93:27)|/a4-main/a4main/island/src/main/java/islandgenerator/configuration/configuration.java(93:97)|org.apache.commons.cli.Option$Builder.build()|SYMBOL_KIND_METHOD|SYMBOL_USE_INVOCATION
PLACEHOLDER_CLIENT_ID|CLIENT|/data/ucov/repro/commons-cli/Clients/AanshKot/IslandandCityGenerator|/a4-main/a4main/island/src/main/java/islandgenerator/configuration/configuration.java(93:9)|/a4-main/a4main/island/src/main/java/islandgenerator/configuration/configuration.java(93:99)|org.apache.commons.cli.Options.addOption(org.apache.commons.cli.Option)|SYMBOL_KIND_METHOD|SYMBOL_USE_INVOCATION
PLACEHOLDER_CLIENT_ID|CLIENT|/data/ucov/repro/commons-cli/Clients/AanshKot/IslandandCityGenerator|/a4-main/a4main/island/src/main/java/islandgenerator/configuration/configuration.java(94:27)|/a4-main/a4main/island/src/main/java/islandgenerator/configuration/configuration.java(94:101)|org.apache.commons.cli.Option$Builder.build()|SYMBOL_KIND_METHOD|SYMBOL_USE_INVOCATION
PLACEHOLDER_CLIENT_ID|CLIENT|/data/ucov/repro/commons-cli/Clients/AanshKot/IslandandCityGenerator|/a4-main/a4main/island/src/main/java/islandgenerator/configuration/configuration.java(94:27)|/a4-main/a4main/island/src/main/java/islandgenerator/configuration/configuration.java(94:47)|org.apache.commons.cli.Option.builder(java.lang.String)|SYMBOL_KIND_METHOD|SYMBOL_USE_STATIC_INVOCATION
PLACEHOLDER_CLIENT_ID|CLIENT|/data/ucov/repro/commons-cli/Clients/AanshKot/IslandandCityGenerator|/a4-main/a4main/island/src/main/java/islandgenerator/configuration/configuration.java(94:27)|/a4-main/a4main/island/src/main/java/islandgenerator/configuration/configuration.java(94:65)|org.apache.commons.cli.Option$Builder.longOpt(java.lang.String)|SYMBOL_KIND_METHOD|SYMBOL_USE_INVOCATION
PLACEHOLDER_CLIENT_ID|CLIENT|/data/ucov/repro/commons-cli/Clients/AanshKot/IslandandCityGenerator|/a4-main/a4main/island/src/main/java/islandgenerator/configuration/configuration.java(94:27)|/a4-main/a4main/island/src/main/java/islandgenerator/configuration/configuration.java(94:74)|org.apache.commons.cli.Option$Builder.hasArg()|SYMBOL_KIND_METHOD|SYMBOL_USE_INVOCATION
PLACEHOLDER_CLIENT_ID|CLIENT|/data/ucov/repro/commons-cli/Clients/AanshKot/IslandandCityGenerator|/a4-main/a4main/island/src/main/java/islandgenerator/configuration/configuration.java(94:27)|/a4-main/a4main/island/src/main/java/islandgenerator/configuration/configuration.java(94:93)|org.apache.commons.cli.Option$Builder.desc(java.lang.String)|SYMBOL_KIND_METHOD|SYMBOL_USE_INVOCATION
PLACEHOLDER_CLIENT_ID|CLIENT|/data/ucov/repro/commons-cli/Clients/AanshKot/IslandandCityGenerator|/a4-main/a4main/island/src/main/java/islandgenerator/configuration/configuration.java(94:9)|/a4-main/a4main/island/src/main/java/islandgenerator/configuration/configuration.java(94:103)|org.apache.commons.cli.Options.addOption(org.apache.commons.cli.Option)|SYMBOL_KIND_METHOD|SYMBOL_USE_INVOCATION
PLACEHOLDER_CLIENT_ID|CLIENT|/data/ucov/repro/commons-cli/Clients/AanshKot/IslandandCityGenerator|/a4-main/a4main/island/src/main/java/islandgenerator/configuration/configuration.java(95:27)|/a4-main/a4main/island/src/main/java/islandgenerator/configuration/configuration.java(95:46)|org.apache.commons.cli.Option.builder(java.lang.String)|SYMBOL_KIND_METHOD|SYMBOL_USE_STATIC_INVOCATION
PLACEHOLDER_CLIENT_ID|CLIENT|/data/ucov/repro/commons-cli/Clients/AanshKot/IslandandCityGenerator|/a4-main/a4main/island/src/main/java/islandgenerator/configuration/configuration.java(95:27)|/a4-main/a4main/island/src/main/java/islandgenerator/configuration/configuration.java(95:62)|org.apache.commons.cli.Option$Builder.longOpt(java.lang.String)|SYMBOL_KIND_METHOD|SYMBOL_USE_INVOCATION
PLACEHOLDER_CLIENT_ID|CLIENT|/data/ucov/repro/commons-cli/Clients/AanshKot/IslandandCityGenerator|/a4-main/a4main/island/src/main/java/islandgenerator/configuration/configuration.java(95:27)|/a4-main/a4main/island/src/main/java/islandgenerator/configuration/configuration.java(95:71)|org.apache.commons.cli.Option$Builder.hasArg()|SYMBOL_KIND_METHOD|SYMBOL_USE_INVOCATION
PLACEHOLDER_CLIENT_ID|CLIENT|/data/ucov/repro/commons-cli/Clients/AanshKot/IslandandCityGenerator|/a4-main/a4main/island/src/main/java/islandgenerator/configuration/configuration.java(95:27)|/a4-main/a4main/island/src/main/java/islandgenerator/configuration/configuration.java(95:91)|org.apache.commons.cli.Option$Builder.desc(java.lang.String)|SYMBOL_KIND_METHOD|SYMBOL_USE_INVOCATION
PLACEHOLDER_CLIENT_ID|CLIENT|/data/ucov/repro/commons-cli/Clients/AanshKot/IslandandCityGenerator|/a4-main/a4main/island/src/main/java/islandgenerator/configuration/configuration.java(95:27)|/a4-main/a4main/island/src/main/java/islandgenerator/configuration/configuration.java(95:99)|org.apache.commons.cli.Option$Builder.build()|SYMBOL_KIND_METHOD|SYMBOL_USE_INVOCATION
PLACEHOLDER_CLIENT_ID|CLIENT|/data/ucov/repro/commons-cli/Clients/AanshKot/IslandandCityGenerator|/a4-main/a4main/island/src/main/java/islandgenerator/configuration/configuration.java(95:9)|/a4-main/a4main/island/src/main/java/islandgenerator/configuration/configuration.java(95:101)|org.apache.commons.cli.Options.addOption(org.apache.commons.cli.Option)|SYMBOL_KIND_METHOD|SYMBOL_USE_INVOCATION
PLACEHOLDER_CLIENT_ID|CLIENT|/data/ucov/repro/commons-cli/Clients/AanshKot/IslandandCityGenerator|/a4-main/a4main/island/src/main/java/islandgenerator/configuration/configuration.java(96:27)|/a4-main/a4main/island/src/main/java/islandgenerator/configuration/configuration.java(96:104)|org.apache.commons.cli.Option$Builder.build()|SYMBOL_KIND_METHOD|SYMBOL_USE_INVOCATION
PLACEHOLDER_CLIENT_ID|CLIENT|/data/ucov/repro/commons-cli/Clients/AanshKot/IslandandCityGenerator|/a4-main/a4main/island/src/main/java/islandgenerator/configuration/configuration.java(96:27)|/a4-main/a4main/island/src/main/java/islandgenerator/configuration/configuration.java(96:45)|org.apache.commons.cli.Option.builder(java.lang.String)|SYMBOL_KIND_METHOD|SYMBOL_USE_STATIC_INVOCATION
PLACEHOLDER_CLIENT_ID|CLIENT|/data/ucov/repro/commons-cli/Clients/AanshKot/IslandandCityGenerator|/a4-main/a4main/island/src/main/java/islandgenerator/configuration/configuration.java(96:27)|/a4-main/a4main/island/src/main/java/islandgenerator/configuration/configuration.java(96:60)|org.apache.commons.cli.Option$Builder.longOpt(java.lang.String)|SYMBOL_KIND_METHOD|SYMBOL_USE_INVOCATION
PLACEHOLDER_CLIENT_ID|CLIENT|/data/ucov/repro/commons-cli/Clients/AanshKot/IslandandCityGenerator|/a4-main/a4main/island/src/main/java/islandgenerator/configuration/configuration.java(96:27)|/a4-main/a4main/island/src/main/java/islandgenerator/configuration/configuration.java(96:69)|org.apache.commons.cli.Option$Builder.hasArg()|SYMBOL_KIND_METHOD|SYMBOL_USE_INVOCATION
PLACEHOLDER_CLIENT_ID|CLIENT|/data/ucov/repro/commons-cli/Clients/AanshKot/IslandandCityGenerator|/a4-main/a4main/island/src/main/java/islandgenerator/configuration/configuration.java(96:27)|/a4-main/a4main/island/src/main/java/islandgenerator/configuration/configuration.java(96:96)|org.apache.commons.cli.Option$Builder.desc(java.lang.String)|SYMBOL_KIND_METHOD|SYMBOL_USE_INVOCATION
PLACEHOLDER_CLIENT_ID|CLIENT|/data/ucov/repro/commons-cli/Clients/AanshKot/IslandandCityGenerator|/a4-main/a4main/island/src/main/java/islandgenerator/configuration/configuration.java(96:9)|/a4-main/a4main/island/src/main/java/islandgenerator/configuration/configuration.java(96:106)|org.apache.commons.cli.Options.addOption(org.apache.commons.cli.Option)|SYMBOL_KIND_METHOD|SYMBOL_USE_INVOCATION
PLACEHOLDER_CLIENT_ID|CLIENT|/data/ucov/repro/commons-cli/Clients/AanshKot/IslandandCityGenerator|/a4-main/a4main/island/src/main/java/islandgenerator/configuration/configuration.java(97:27)|/a4-main/a4main/island/src/main/java/islandgenerator/configuration/configuration.java(97:100)|org.apache.commons.cli.Option$Builder.desc(java.lang.String)|SYMBOL_KIND_METHOD|SYMBOL_USE_INVOCATION
PLACEHOLDER_CLIENT_ID|CLIENT|/data/ucov/repro/commons-cli/Clients/AanshKot/IslandandCityGenerator|/a4-main/a4main/island/src/main/java/islandgenerator/configuration/configuration.java(97:27)|/a4-main/a4main/island/src/main/java/islandgenerator/configuration/configuration.java(97:108)|org.apache.commons.cli.Option$Builder.build()|SYMBOL_KIND_METHOD|SYMBOL_USE_INVOCATION
PLACEHOLDER_CLIENT_ID|CLIENT|/data/ucov/repro/commons-cli/Clients/AanshKot/IslandandCityGenerator|/a4-main/a4main/island/src/main/java/islandgenerator/configuration/configuration.java(97:27)|/a4-main/a4main/island/src/main/java/islandgenerator/configuration/configuration.java(97:48)|org.apache.commons.cli.Option.builder(java.lang.String)|SYMBOL_KIND_METHOD|SYMBOL_USE_STATIC_INVOCATION
PLACEHOLDER_CLIENT_ID|CLIENT|/data/ucov/repro/commons-cli/Clients/AanshKot/IslandandCityGenerator|/a4-main/a4main/island/src/main/java/islandgenerator/configuration/configuration.java(97:27)|/a4-main/a4main/island/src/main/java/islandgenerator/configuration/configuration.java(97:66)|org.apache.commons.cli.Option$Builder.longOpt(java.lang.String)|SYMBOL_KIND_METHOD|SYMBOL_USE_INVOCATION
PLACEHOLDER_CLIENT_ID|CLIENT|/data/ucov/repro/commons-cli/Clients/AanshKot/IslandandCityGenerator|/a4-main/a4main/island/src/main/java/islandgenerator/configuration/configuration.java(97:27)|/a4-main/a4main/island/src/main/java/islandgenerator/configuration/configuration.java(97:75)|org.apache.commons.cli.Option$Builder.hasArg()|SYMBOL_KIND_METHOD|SYMBOL_USE_INVOCATION
PLACEHOLDER_CLIENT_ID|CLIENT|/data/ucov/repro/commons-cli/Clients/AanshKot/IslandandCityGenerator|/a4-main/a4main/island/src/main/java/islandgenerator/configuration/configuration.java(97:9)|/a4-main/a4main/island/src/main/java/islandgenerator/configuration/configuration.java(97:110)|org.apache.commons.cli.Options.addOption(org.apache.commons.cli.Option)|SYMBOL_KIND_METHOD|SYMBOL_USE_INVOCATION
PLACEHOLDER_CLIENT_ID|CLIENT|/data/ucov/repro/commons-cli/Clients/AanshKot/IslandandCityGenerator|/a4-main/a4main/pathfinder/src/main/java/ca/mcmaster/cas/se2aa4/a2/pathfinder/configuration/configuration.java(12:24)|/a4-main/a4main/pathfinder/src/main/java/ca/mcmaster/cas/se2aa4/a2/pathfinder/configuration/configuration.java(12:54)|org.apache.commons.cli.CommandLineParser.parse(org.apache.commons.cli.Options,java.lang.String[])|SYMBOL_KIND_METHOD|SYMBOL_USE_VIRTUAL_INVOCATION
PLACEHOLDER_CLIENT_ID|CLIENT|/data/ucov/repro/commons-cli/Clients/AanshKot/IslandandCityGenerator|/a4-main/a4main/pathfinder/src/main/java/ca/mcmaster/cas/se2aa4/a2/pathfinder/configuration/configuration.java(13:18)|/a4-main/a4main/pathfinder/src/main/java/ca/mcmaster/cas/se2aa4/a2/pathfinder/configuration/configuration.java(13:31)|org.apache.commons.cli.ParseException|SYMBOL_KIND_TYPE|SYMBOL_USE_TYPE_REFERENCE
PLACEHOLDER_CLIENT_ID|CLIENT|/data/ucov/repro/commons-cli/Clients/AanshKot/IslandandCityGenerator|/a4-main/a4main/pathfinder/src/main/java/ca/mcmaster/cas/se2aa4/a2/pathfinder/configuration/configuration.java(18:13)|/a4-main/a4main/pathfinder/src/main/java/ca/mcmaster/cas/se2aa4/a2/pathfinder/configuration/configuration.java(18:29)|org.apache.commons.cli.CommandLineParser|SYMBOL_KIND_TYPE|SYMBOL_USE_TYPE_REFERENCE
PLACEHOLDER_CLIENT_ID|CLIENT|/data/ucov/repro/commons-cli/Clients/AanshKot/IslandandCityGenerator|/a4-main/a4main/pathfinder/src/main/java/ca/mcmaster/cas/se2aa4/a2/pathfinder/configuration/configuration.java(19:16)|/a4-main/a4main/pathfinder/src/main/java/ca/mcmaster/cas/se2aa4/a2/pathfinder/configuration/configuration.java(19:34)|org.apache.commons.cli.DefaultParser()|SYMBOL_KIND_CONSTRUCTOR|SYMBOL_USE_INVOCATION
PLACEHOLDER_CLIENT_ID|CLIENT|/data/ucov/repro/commons-cli/Clients/AanshKot/IslandandCityGenerator|/a4-main/a4main/pathfinder/src/main/java/ca/mcmaster/cas/se2aa4/a2/pathfinder/configuration/configuration.java(19:16)|/a4-main/a4main/pathfinder/src/main/java/ca/mcmaster/cas/se2aa4/a2/pathfinder/configuration/configuration.java(19:34)|org.apache.commons.cli.DefaultParser|SYMBOL_KIND_CLASS|SYMBOL_USE_INSTANTIATION
PLACEHOLDER_CLIENT_ID|CLIENT|/data/ucov/repro/commons-cli/Clients/AanshKot/IslandandCityGenerator|/a4-main/a4main/pathfinder/src/main/java/ca/mcmaster/cas/se2aa4/a2/pathfinder/configuration/configuration.java(19:20)|/a4-main/a4main/pathfinder/src/main/java/ca/mcmaster/cas/se2aa4/a2/pathfinder/configuration/configuration.java(19:32)|org.apache.commons.cli.DefaultParser|SYMBOL_KIND_TYPE|SYMBOL_USE_TYPE_REFERENCE
PLACEHOLDER_CLIENT_ID|CLIENT|/data/ucov/repro/commons-cli/Clients/AanshKot/IslandandCityGenerator|/a4-main/a4main/pathfinder/src/main/java/ca/mcmaster/cas/se2aa4/a2/pathfinder/configuration/configuration.java(25:13)|/a4-main/a4main/pathfinder/src/main/java/ca/mcmaster/cas/se2aa4/a2/pathfinder/configuration/configuration.java(25:19)|org.apache.commons.cli.Options|SYMBOL_KIND_TYPE|SYMBOL_USE_TYPE_REFERENCE
PLACEHOLDER_CLIENT_ID|CLIENT|/data/ucov/repro/commons-cli/Clients/AanshKot/IslandandCityGenerator|/a4-main/a4main/pathfinder/src/main/java/ca/mcmaster/cas/se2aa4/a2/pathfinder/configuration/configuration.java(26:27)|/a4-main/a4main/pathfinder/src/main/java/ca/mcmaster/cas/se2aa4/a2/pathfinder/configuration/configuration.java(26:39)|org.apache.commons.cli.Options()|SYMBOL_KIND_CONSTRUCTOR|SYMBOL_USE_INVOCATION
PLACEHOLDER_CLIENT_ID|CLIENT|/data/ucov/repro/commons-cli/Clients/AanshKot/IslandandCityGenerator|/a4-main/a4main/pathfinder/src/main/java/ca/mcmaster/cas/se2aa4/a2/pathfinder/configuration/configuration.java(26:27)|/a4-main/a4main/pathfinder/src/main/java/ca/mcmaster/cas/se2aa4/a2/pathfinder/configuration/configuration.java(26:39)|org.apache.commons.cli.Options|SYMBOL_KIND_CLASS|SYMBOL_USE_INSTANTIATION
PLACEHOLDER_CLIENT_ID|CLIENT|/data/ucov/repro/commons-cli/Clients/AanshKot/IslandandCityGenerator|/a4-main/a4main/pathfinder/src/main/java/ca/mcmaster/cas/se2aa4/a2/pathfinder/configuration/configuration.java(26:31)|/a4-main/a4main/pathfinder/src/main/java/ca/mcmaster/cas/se2aa4/a2/pathfinder/configuration/configuration.java(26:37)|org.apache.commons.cli.Options|SYMBOL_KIND_TYPE|SYMBOL_USE_TYPE_REFERENCE
PLACEHOLDER_CLIENT_ID|CLIENT|/data/ucov/repro/commons-cli/Clients/AanshKot/IslandandCityGenerator|/a4-main/a4main/pathfinder/src/main/java/ca/mcmaster/cas/se2aa4/a2/pathfinder/configuration/configuration.java(26:9)|/a4-main/a4main/pathfinder/src/main/java/ca/mcmaster/cas/se2aa4/a2/pathfinder/configuration/configuration.java(26:15)|org.apache.commons.cli.Options|SYMBOL_KIND_TYPE|SYMBOL_USE_TYPE_REFERENCE
PLACEHOLDER_CLIENT_ID|CLIENT|/data/ucov/repro/commons-cli/Clients/AanshKot/IslandandCityGenerator|/a4-main/a4main/pathfinder/src/main/java/ca/mcmaster/cas/se2aa4/a2/pathfinder/configuration/configuration.java(9:13)|/a4-main/a4main/pathfinder/src/main/java/ca/mcmaster/cas/se2aa4/a2/pathfinder/configuration/configuration.java(9:23)|org.apache.commons.cli.CommandLine|SYMBOL_KIND_TYPE|SYMBOL_USE_TYPE_REFERENCE
PLACEHOLDER_CLIENT_ID|CLIENT|/data/ucov/repro/commons-cli/Clients/AanshKot/IslandandCityGenerator|/a4-main/a4main/visualizer/src/main/java/ca/mcmaster/cas/se2aa4/a2/visualizer/configuration/configuration.java(11:13)|/a4-main/a4main/visualizer/src/main/java/ca/mcmaster/cas/se2aa4/a2/visualizer/configuration/configuration.java(11:23)|org.apache.commons.cli.CommandLine|SYMBOL_KIND_TYPE|SYMBOL_USE_TYPE_REFERENCE
PLACEHOLDER_CLIENT_ID|CLIENT|/data/ucov/repro/commons-cli/Clients/AanshKot/IslandandCityGenerator|/a4-main/a4main/visualizer/src/main/java/ca/mcmaster/cas/se2aa4/a2/visualizer/configuration/configuration.java(14:24)|/a4-main/a4main/visualizer/src/main/java/ca/mcmaster/cas/se2aa4/a2/visualizer/configuration/configuration.java(14:54)|org.apache.commons.cli.CommandLineParser.parse(org.apache.commons.cli.Options,java.lang.String[])|SYMBOL_KIND_METHOD|SYMBOL_USE_VIRTUAL_INVOCATION
PLACEHOLDER_CLIENT_ID|CLIENT|/data/ucov/repro/commons-cli/Clients/AanshKot/IslandandCityGenerator|/a4-main/a4main/visualizer/src/main/java/ca/mcmaster/cas/se2aa4/a2/visualizer/configuration/configuration.java(15:18)|/a4-main/a4main/visualizer/src/main/java/ca/mcmaster/cas/se2aa4/a2/visualizer/configuration/configuration.java(15:31)|org.apache.commons.cli.ParseException|SYMBOL_KIND_TYPE|SYMBOL_USE_TYPE_REFERENCE
PLACEHOLDER_CLIENT_ID|CLIENT|/data/ucov/repro/commons-cli/Clients/AanshKot/IslandandCityGenerator|/a4-main/a4main/visualizer/src/main/java/ca/mcmaster/cas/se2aa4/a2/visualizer/configuration/configuration.java(20:13)|/a4-main/a4main/visualizer/src/main/java/ca/mcmaster/cas/se2aa4/a2/visualizer/configuration/configuration.java(20:29)|org.apache.commons.cli.CommandLineParser|SYMBOL_KIND_TYPE|SYMBOL_USE_TYPE_REFERENCE
PLACEHOLDER_CLIENT_ID|CLIENT|/data/ucov/repro/commons-cli/Clients/AanshKot/IslandandCityGenerator|/a4-main/a4main/visualizer/src/main/java/ca/mcmaster/cas/se2aa4/a2/visualizer/configuration/configuration.java(21:16)|/a4-main/a4main/visualizer/src/main/java/ca/mcmaster/cas/se2aa4/a2/visualizer/configuration/configuration.java(21:34)|org.apache.commons.cli.DefaultParser()|SYMBOL_KIND_CONSTRUCTOR|SYMBOL_USE_INVOCATION
PLACEHOLDER_CLIENT_ID|CLIENT|/data/ucov/repro/commons-cli/Clients/AanshKot/IslandandCityGenerator|/a4-main/a4main/visualizer/src/main/java/ca/mcmaster/cas/se2aa4/a2/visualizer/configuration/configuration.java(21:16)|/a4-main/a4main/visualizer/src/main/java/ca/mcmaster/cas/se2aa4/a2/visualizer/configuration/configuration.java(21:34)|org.apache.commons.cli.DefaultParser|SYMBOL_KIND_CLASS|SYMBOL_USE_INSTANTIATION
PLACEHOLDER_CLIENT_ID|CLIENT|/data/ucov/repro/commons-cli/Clients/AanshKot/IslandandCityGenerator|/a4-main/a4main/visualizer/src/main/java/ca/mcmaster/cas/se2aa4/a2/visualizer/configuration/configuration.java(21:20)|/a4-main/a4main/visualizer/src/main/java/ca/mcmaster/cas/se2aa4/a2/visualizer/configuration/configuration.java(21:32)|org.apache.commons.cli.DefaultParser|SYMBOL_KIND_TYPE|SYMBOL_USE_TYPE_REFERENCE
PLACEHOLDER_CLIENT_ID|CLIENT|/data/ucov/repro/commons-cli/Clients/AanshKot/IslandandCityGenerator|/a4-main/a4main/visualizer/src/main/java/ca/mcmaster/cas/se2aa4/a2/visualizer/configuration/configuration.java(25:16)|/a4-main/a4main/visualizer/src/main/java/ca/mcmaster/cas/se2aa4/a2/visualizer/configuration/configuration.java(25:45)|org.apache.commons.cli.CommandLine.getOptionValue(java.lang.String)|SYMBOL_KIND_METHOD|SYMBOL_USE_INVOCATION
PLACEHOLDER_CLIENT_ID|CLIENT|/data/ucov/repro/commons-cli/Clients/AanshKot/IslandandCityGenerator|/a4-main/a4main/visualizer/src/main/java/ca/mcmaster/cas/se2aa4/a2/visualizer/configuration/configuration.java(29:16)|/a4-main/a4main/visualizer/src/main/java/ca/mcmaster/cas/se2aa4/a2/visualizer/configuration/configuration.java(29:60)|org.apache.commons.cli.CommandLine.getOptionValue(java.lang.String,java.lang.String)|SYMBOL_KIND_METHOD|SYMBOL_USE_INVOCATION
PLACEHOLDER_CLIENT_ID|CLIENT|/data/ucov/repro/commons-cli/Clients/AanshKot/IslandandCityGenerator|/a4-main/a4main/visualizer/src/main/java/ca/mcmaster/cas/se2aa4/a2/visualizer/configuration/configuration.java(32:37)|/a4-main/a4main/visualizer/src/main/java/ca/mcmaster/cas/se2aa4/a2/visualizer/configuration/configuration.java(32:61)|org.apache.commons.cli.CommandLine.hasOption(java.lang.String)|SYMBOL_KIND_METHOD|SYMBOL_USE_INVOCATION
PLACEHOLDER_CLIENT_ID|CLIENT|/data/ucov/repro/commons-cli/Clients/AanshKot/IslandandCityGenerator|/a4-main/a4main/visualizer/src/main/java/ca/mcmaster/cas/se2aa4/a2/visualizer/configuration/configuration.java(34:13)|/a4-main/a4main/visualizer/src/main/java/ca/mcmaster/cas/se2aa4/a2/visualizer/configuration/configuration.java(34:19)|org.apache.commons.cli.Options|SYMBOL_KIND_TYPE|SYMBOL_USE_TYPE_REFERENCE
PLACEHOLDER_CLIENT_ID|CLIENT|/data/ucov/repro/commons-cli/Clients/AanshKot/IslandandCityGenerator|/a4-main/a4main/visualizer/src/main/java/ca/mcmaster/cas/se2aa4/a2/visualizer/configuration/configuration.java(35:27)|/a4-main/a4main/visualizer/src/main/java/ca/mcmaster/cas/se2aa4/a2/visualizer/configuration/configuration.java(35:39)|org.apache.commons.cli.Options()|SYMBOL_KIND_CONSTRUCTOR|SYMBOL_USE_INVOCATION
PLACEHOLDER_CLIENT_ID|CLIENT|/data/ucov/repro/commons-cli/Clients/AanshKot/IslandandCityGenerator|/a4-main/a4main/visualizer/src/main/java/ca/mcmaster/cas/se2aa4/a2/visualizer/configuration/configuration.java(35:27)|/a4-main/a4main/visualizer/src/main/java/ca/mcmaster/cas/se2aa4/a2/visualizer/configuration/configuration.java(35:39)|org.apache.commons.cli.Options|SYMBOL_KIND_CLASS|SYMBOL_USE_INSTANTIATION
PLACEHOLDER_CLIENT_ID|CLIENT|/data/ucov/repro/commons-cli/Clients/AanshKot/IslandandCityGenerator|/a4-main/a4main/visualizer/src/main/java/ca/mcmaster/cas/se2aa4/a2/visualizer/configuration/configuration.java(35:31)|/a4-main/a4main/visualizer/src/main/java/ca/mcmaster/cas/se2aa4/a2/visualizer/configuration/configuration.java(35:37)|org.apache.commons.cli.Options|SYMBOL_KIND_TYPE|SYMBOL_USE_TYPE_REFERENCE
PLACEHOLDER_CLIENT_ID|CLIENT|/data/ucov/repro/commons-cli/Clients/AanshKot/IslandandCityGenerator|/a4-main/a4main/visualizer/src/main/java/ca/mcmaster/cas/se2aa4/a2/visualizer/configuration/configuration.java(35:9)|/a4-main/a4main/visualizer/src/main/java/ca/mcmaster/cas/se2aa4/a2/visualizer/configuration/configuration.java(35:15)|org.apache.commons.cli.Options|SYMBOL_KIND_TYPE|SYMBOL_USE_TYPE_REFERENCE
PLACEHOLDER_CLIENT_ID|CLIENT|/data/ucov/repro/commons-cli/Clients/AanshKot/IslandandCityGenerator|/a4-main/a4main/visualizer/src/main/java/ca/mcmaster/cas/se2aa4/a2/visualizer/configuration/configuration.java(36:27)|/a4-main/a4main/visualizer/src/main/java/ca/mcmaster/cas/se2aa4/a2/visualizer/configuration/configuration.java(36:69)|org.apache.commons.cli.Option(java.lang.String,boolean,java.lang.String)|SYMBOL_KIND_CONSTRUCTOR|SYMBOL_USE_INVOCATION
PLACEHOLDER_CLIENT_ID|CLIENT|/data/ucov/repro/commons-cli/Clients/AanshKot/IslandandCityGenerator|/a4-main/a4main/visualizer/src/main/java/ca/mcmaster/cas/se2aa4/a2/visualizer/configuration/configuration.java(36:27)|/a4-main/a4main/visualizer/src/main/java/ca/mcmaster/cas/se2aa4/a2/visualizer/configuration/configuration.java(36:69)|org.apache.commons.cli.Option|SYMBOL_KIND_CLASS|SYMBOL_USE_INSTANTIATION
PLACEHOLDER_CLIENT_ID|CLIENT|/data/ucov/repro/commons-cli/Clients/AanshKot/IslandandCityGenerator|/a4-main/a4main/visualizer/src/main/java/ca/mcmaster/cas/se2aa4/a2/visualizer/configuration/configuration.java(36:31)|/a4-main/a4main/visualizer/src/main/java/ca/mcmaster/cas/se2aa4/a2/visualizer/configuration/configuration.java(36:36)|org.apache.commons.cli.Option|SYMBOL_KIND_TYPE|SYMBOL_USE_TYPE_REFERENCE
PLACEHOLDER_CLIENT_ID|CLIENT|/data/ucov/repro/commons-cli/Clients/AanshKot/IslandandCityGenerator|/a4-main/a4main/visualizer/src/main/java/ca/mcmaster/cas/se2aa4/a2/visualizer/configuration/configuration.java(36:9)|/a4-main/a4main/visualizer/src/main/java/ca/mcmaster/cas/se2aa4/a2/visualizer/configuration/configuration.java(36:71)|org.apache.commons.cli.Options.addOption(org.apache.commons.cli.Option)|SYMBOL_KIND_METHOD|SYMBOL_USE_INVOCATION
PLACEHOLDER_CLIENT_ID|CLIENT|/data/ucov/repro/commons-cli/Clients/AanshKot/IslandandCityGenerator|/a4-main/a4main/visualizer/src/main/java/ca/mcmaster/cas/se2aa4/a2/visualizer/configuration/configuration.java(37:27)|/a4-main/a4main/visualizer/src/main/java/ca/mcmaster/cas/se2aa4/a2/visualizer/configuration/configuration.java(37:72)|org.apache.commons.cli.Option(java.lang.String,boolean,java.lang.String)|SYMBOL_KIND_CONSTRUCTOR|SYMBOL_USE_INVOCATION
PLACEHOLDER_CLIENT_ID|CLIENT|/data/ucov/repro/commons-cli/Clients/AanshKot/IslandandCityGenerator|/a4-main/a4main/visualizer/src/main/java/ca/mcmaster/cas/se2aa4/a2/visualizer/configuration/configuration.java(37:27)|/a4-main/a4main/visualizer/src/main/java/ca/mcmaster/cas/se2aa4/a2/visualizer/configuration/configuration.java(37:72)|org.apache.commons.cli.Option|SYMBOL_KIND_CLASS|SYMBOL_USE_INSTANTIATION
PLACEHOLDER_CLIENT_ID|CLIENT|/data/ucov/repro/commons-cli/Clients/AanshKot/IslandandCityGenerator|/a4-main/a4main/visualizer/src/main/java/ca/mcmaster/cas/se2aa4/a2/visualizer/configuration/configuration.java(37:31)|/a4-main/a4main/visualizer/src/main/java/ca/mcmaster/cas/se2aa4/a2/visualizer/configuration/configuration.java(37:36)|org.apache.commons.cli.Option|SYMBOL_KIND_TYPE|SYMBOL_USE_TYPE_REFERENCE
PLACEHOLDER_CLIENT_ID|CLIENT|/data/ucov/repro/commons-cli/Clients/AanshKot/IslandandCityGenerator|/a4-main/a4main/visualizer/src/main/java/ca/mcmaster/cas/se2aa4/a2/visualizer/configuration/configuration.java(37:9)|/a4-main/a4main/visualizer/src/main/java/ca/mcmaster/cas/se2aa4/a2/visualizer/configuration/configuration.java(37:74)|org.apache.commons.cli.Options.addOption(org.apache.commons.cli.Option)|SYMBOL_KIND_METHOD|SYMBOL_USE_INVOCATION
PLACEHOLDER_CLIENT_ID|CLIENT|/data/ucov/repro/commons-cli/Clients/AanshKot/IslandandCityGenerator|/a4-main/a4main/visualizer/src/main/java/ca/mcmaster/cas/se2aa4/a2/visualizer/configuration/configuration.java(38:27)|/a4-main/a4main/visualizer/src/main/java/ca/mcmaster/cas/se2aa4/a2/visualizer/configuration/configuration.java(38:64)|org.apache.commons.cli.Option(java.lang.String,boolean,java.lang.String)|SYMBOL_KIND_CONSTRUCTOR|SYMBOL_USE_INVOCATION
PLACEHOLDER_CLIENT_ID|CLIENT|/data/ucov/repro/commons-cli/Clients/AanshKot/IslandandCityGenerator|/a4-main/a4main/visualizer/src/main/java/ca/mcmaster/cas/se2aa4/a2/visualizer/configuration/configuration.java(38:27)|/a4-main/a4main/visualizer/src/main/java/ca/mcmaster/cas/se2aa4/a2/visualizer/configuration/configuration.java(38:64)|org.apache.commons.cli.Option|SYMBOL_KIND_CLASS|SYMBOL_USE_INSTANTIATION
PLACEHOLDER_CLIENT_ID|CLIENT|/data/ucov/repro/commons-cli/Clients/AanshKot/IslandandCityGenerator|/a4-main/a4main/visualizer/src/main/java/ca/mcmaster/cas/se2aa4/a2/visualizer/configuration/configuration.java(38:31)|/a4-main/a4main/visualizer/src/main/java/ca/mcmaster/cas/se2aa4/a2/visualizer/configuration/configuration.java(38:36)|org.apache.commons.cli.Option|SYMBOL_KIND_TYPE|SYMBOL_USE_TYPE_REFERENCE
PLACEHOLDER_CLIENT_ID|CLIENT|/data/ucov/repro/commons-cli/Clients/AanshKot/IslandandCityGenerator|/a4-main/a4main/visualizer/src/main/java/ca/mcmaster/cas/se2aa4/a2/visualizer/configuration/configuration.java(38:9)|/a4-main/a4main/visualizer/src/main/java/ca/mcmaster/cas/se2aa4/a2/visualizer/configuration/configuration.java(38:66)|org.apache.commons.cli.Options.addOption(org.apache.commons.cli.Option)|SYMBOL_KIND_METHOD|SYMBOL_USE_INVOCATION
