PLACEHOLDER_CLIENT_ID|CLIENT|/data/ucov/repro/commons-cli/Clients/adfwer233/ThssDB|/src/main/java/cn/edu/thssdb/client/client.java(187:18)|/src/main/java/cn/edu/thssdb/client/client.java(187:24)|org.apache.commons.cli.Options|SYMBOL_KIND_TYPE|SYMBOL_USE_TYPE_REFERENCE
PLACEHOLDER_CLIENT_ID|CLIENT|/data/ucov/repro/commons-cli/Clients/adfwer233/ThssDB|/src/main/java/cn/edu/thssdb/client/client.java(188:23)|/src/main/java/cn/edu/thssdb/client/client.java(188:35)|org.apache.commons.cli.Options()|SYMBOL_KIND_CONSTRUCTOR|SYMBOL_USE_INVOCATION
PLACEHOLDER_CLIENT_ID|CLIENT|/data/ucov/repro/commons-cli/Clients/adfwer233/ThssDB|/src/main/java/cn/edu/thssdb/client/client.java(188:23)|/src/main/java/cn/edu/thssdb/client/client.java(188:35)|org.apache.commons.cli.Options|SYMBOL_KIND_CLASS|SYMBOL_USE_INSTANTIATION
PLACEHOLDER_CLIENT_ID|CLIENT|/data/ucov/repro/commons-cli/Clients/adfwer233/ThssDB|/src/main/java/cn/edu/thssdb/client/client.java(188:27)|/src/main/java/cn/edu/thssdb/client/client.java(188:33)|org.apache.commons.cli.Options|SYMBOL_KIND_TYPE|SYMBOL_USE_TYPE_REFERENCE
PLACEHOLDER_CLIENT_ID|CLIENT|/data/ucov/repro/commons-cli/Clients/adfwer233/ThssDB|/src/main/java/cn/edu/thssdb/client/client.java(188:5)|/src/main/java/cn/edu/thssdb/client/client.java(188:11)|org.apache.commons.cli.Options|SYMBOL_KIND_TYPE|SYMBOL_USE_TYPE_REFERENCE
PLACEHOLDER_CLIENT_ID|CLIENT|/data/ucov/repro/commons-cli/Clients/adfwer233/ThssDB|/src/main/java/cn/edu/thssdb/client/client.java(189:5)|/src/main/java/cn/edu/thssdb/client/client.java(195:22)|org.apache.commons.cli.Options.addOption(org.apache.commons.cli.Option)|SYMBOL_KIND_METHOD|SYMBOL_USE_INVOCATION
PLACEHOLDER_CLIENT_ID|CLIENT|/data/ucov/repro/commons-cli/Clients/adfwer233/ThssDB|/src/main/java/cn/edu/thssdb/client/client.java(190:9)|/src/main/java/cn/edu/thssdb/client/client.java(190:33)|org.apache.commons.cli.Option.builder(java.lang.String)|SYMBOL_KIND_METHOD|SYMBOL_USE_STATIC_INVOCATION
PLACEHOLDER_CLIENT_ID|CLIENT|/data/ucov/repro/commons-cli/Clients/adfwer233/ThssDB|/src/main/java/cn/edu/thssdb/client/client.java(190:9)|/src/main/java/cn/edu/thssdb/client/client.java(191:31)|org.apache.commons.cli.Option$Builder.argName(java.lang.String)|SYMBOL_KIND_METHOD|SYMBOL_USE_INVOCATION
PLACEHOLDER_CLIENT_ID|CLIENT|/data/ucov/repro/commons-cli/Clients/adfwer233/ThssDB|/src/main/java/cn/edu/thssdb/client/client.java(190:9)|/src/main/java/cn/edu/thssdb/client/client.java(192:55)|org.apache.commons.cli.Option$Builder.desc(java.lang.String)|SYMBOL_KIND_METHOD|SYMBOL_USE_INVOCATION
PLACEHOLDER_CLIENT_ID|CLIENT|/data/ucov/repro/commons-cli/Clients/adfwer233/ThssDB|/src/main/java/cn/edu/thssdb/client/client.java(190:9)|/src/main/java/cn/edu/thssdb/client/client.java(193:26)|org.apache.commons.cli.Option$Builder.hasArg(boolean)|SYMBOL_KIND_METHOD|SYMBOL_USE_INVOCATION
PLACEHOLDER_CLIENT_ID|CLIENT|/data/ucov/repro/commons-cli/Clients/adfwer233/ThssDB|/src/main/java/cn/edu/thssdb/client/client.java(190:9)|/src/main/java/cn/edu/thssdb/client/client.java(194:28)|org.apache.commons.cli.Option$Builder.required(boolean)|SYMBOL_KIND_METHOD|SYMBOL_USE_INVOCATION
PLACEHOLDER_CLIENT_ID|CLIENT|/data/ucov/repro/commons-cli/Clients/adfwer233/ThssDB|/src/main/java/cn/edu/thssdb/client/client.java(190:9)|/src/main/java/cn/edu/thssdb/client/client.java(195:20)|org.apache.commons.cli.Option$Builder.build()|SYMBOL_KIND_METHOD|SYMBOL_USE_INVOCATION
PLACEHOLDER_CLIENT_ID|CLIENT|/data/ucov/repro/commons-cli/Clients/adfwer233/ThssDB|/src/main/java/cn/edu/thssdb/client/client.java(196:5)|/src/main/java/cn/edu/thssdb/client/client.java(202:22)|org.apache.commons.cli.Options.addOption(org.apache.commons.cli.Option)|SYMBOL_KIND_METHOD|SYMBOL_USE_INVOCATION
PLACEHOLDER_CLIENT_ID|CLIENT|/data/ucov/repro/commons-cli/Clients/adfwer233/ThssDB|/src/main/java/cn/edu/thssdb/client/client.java(197:9)|/src/main/java/cn/edu/thssdb/client/client.java(197:33)|org.apache.commons.cli.Option.builder(java.lang.String)|SYMBOL_KIND_METHOD|SYMBOL_USE_STATIC_INVOCATION
PLACEHOLDER_CLIENT_ID|CLIENT|/data/ucov/repro/commons-cli/Clients/adfwer233/ThssDB|/src/main/java/cn/edu/thssdb/client/client.java(197:9)|/src/main/java/cn/edu/thssdb/client/client.java(198:31)|org.apache.commons.cli.Option$Builder.argName(java.lang.String)|SYMBOL_KIND_METHOD|SYMBOL_USE_INVOCATION
PLACEHOLDER_CLIENT_ID|CLIENT|/data/ucov/repro/commons-cli/Clients/adfwer233/ThssDB|/src/main/java/cn/edu/thssdb/client/client.java(197:9)|/src/main/java/cn/edu/thssdb/client/client.java(199:55)|org.apache.commons.cli.Option$Builder.desc(java.lang.String)|SYMBOL_KIND_METHOD|SYMBOL_USE_INVOCATION
PLACEHOLDER_CLIENT_ID|CLIENT|/data/ucov/repro/commons-cli/Clients/adfwer233/ThssDB|/src/main/java/cn/edu/thssdb/client/client.java(197:9)|/src/main/java/cn/edu/thssdb/client/client.java(200:26)|org.apache.commons.cli.Option$Builder.hasArg(boolean)|SYMBOL_KIND_METHOD|SYMBOL_USE_INVOCATION
PLACEHOLDER_CLIENT_ID|CLIENT|/data/ucov/repro/commons-cli/Clients/adfwer233/ThssDB|/src/main/java/cn/edu/thssdb/client/client.java(197:9)|/src/main/java/cn/edu/thssdb/client/client.java(201:28)|org.apache.commons.cli.Option$Builder.required(boolean)|SYMBOL_KIND_METHOD|SYMBOL_USE_INVOCATION
PLACEHOLDER_CLIENT_ID|CLIENT|/data/ucov/repro/commons-cli/Clients/adfwer233/ThssDB|/src/main/java/cn/edu/thssdb/client/client.java(197:9)|/src/main/java/cn/edu/thssdb/client/client.java(202:20)|org.apache.commons.cli.Option$Builder.build()|SYMBOL_KIND_METHOD|SYMBOL_USE_INVOCATION
PLACEHOLDER_CLIENT_ID|CLIENT|/data/ucov/repro/commons-cli/Clients/adfwer233/ThssDB|/src/main/java/cn/edu/thssdb/client/client.java(203:5)|/src/main/java/cn/edu/thssdb/client/client.java(209:22)|org.apache.commons.cli.Options.addOption(org.apache.commons.cli.Option)|SYMBOL_KIND_METHOD|SYMBOL_USE_INVOCATION
PLACEHOLDER_CLIENT_ID|CLIENT|/data/ucov/repro/commons-cli/Clients/adfwer233/ThssDB|/src/main/java/cn/edu/thssdb/client/client.java(204:9)|/src/main/java/cn/edu/thssdb/client/client.java(204:33)|org.apache.commons.cli.Option.builder(java.lang.String)|SYMBOL_KIND_METHOD|SYMBOL_USE_STATIC_INVOCATION
PLACEHOLDER_CLIENT_ID|CLIENT|/data/ucov/repro/commons-cli/Clients/adfwer233/ThssDB|/src/main/java/cn/edu/thssdb/client/client.java(204:9)|/src/main/java/cn/edu/thssdb/client/client.java(205:31)|org.apache.commons.cli.Option$Builder.argName(java.lang.String)|SYMBOL_KIND_METHOD|SYMBOL_USE_INVOCATION
PLACEHOLDER_CLIENT_ID|CLIENT|/data/ucov/repro/commons-cli/Clients/adfwer233/ThssDB|/src/main/java/cn/edu/thssdb/client/client.java(204:9)|/src/main/java/cn/edu/thssdb/client/client.java(206:50)|org.apache.commons.cli.Option$Builder.desc(java.lang.String)|SYMBOL_KIND_METHOD|SYMBOL_USE_INVOCATION
PLACEHOLDER_CLIENT_ID|CLIENT|/data/ucov/repro/commons-cli/Clients/adfwer233/ThssDB|/src/main/java/cn/edu/thssdb/client/client.java(204:9)|/src/main/java/cn/edu/thssdb/client/client.java(207:26)|org.apache.commons.cli.Option$Builder.hasArg(boolean)|SYMBOL_KIND_METHOD|SYMBOL_USE_INVOCATION
PLACEHOLDER_CLIENT_ID|CLIENT|/data/ucov/repro/commons-cli/Clients/adfwer233/ThssDB|/src/main/java/cn/edu/thssdb/client/client.java(204:9)|/src/main/java/cn/edu/thssdb/client/client.java(208:28)|org.apache.commons.cli.Option$Builder.required(boolean)|SYMBOL_KIND_METHOD|SYMBOL_USE_INVOCATION
PLACEHOLDER_CLIENT_ID|CLIENT|/data/ucov/repro/commons-cli/Clients/adfwer233/ThssDB|/src/main/java/cn/edu/thssdb/client/client.java(204:9)|/src/main/java/cn/edu/thssdb/client/client.java(209:20)|org.apache.commons.cli.Option$Builder.build()|SYMBOL_KIND_METHOD|SYMBOL_USE_INVOCATION
PLACEHOLDER_CLIENT_ID|CLIENT|/data/ucov/repro/commons-cli/Clients/adfwer233/ThssDB|/src/main/java/cn/edu/thssdb/client/client.java(213:18)|/src/main/java/cn/edu/thssdb/client/client.java(213:28)|org.apache.commons.cli.CommandLine|SYMBOL_KIND_TYPE|SYMBOL_USE_TYPE_REFERENCE
PLACEHOLDER_CLIENT_ID|CLIENT|/data/ucov/repro/commons-cli/Clients/adfwer233/ThssDB|/src/main/java/cn/edu/thssdb/client/client.java(214:5)|/src/main/java/cn/edu/thssdb/client/client.java(214:11)|org.apache.commons.cli.Options|SYMBOL_KIND_TYPE|SYMBOL_USE_TYPE_REFERENCE
PLACEHOLDER_CLIENT_ID|CLIENT|/data/ucov/repro/commons-cli/Clients/adfwer233/ThssDB|/src/main/java/cn/edu/thssdb/client/client.java(215:32)|/src/main/java/cn/edu/thssdb/client/client.java(215:50)|org.apache.commons.cli.DefaultParser()|SYMBOL_KIND_CONSTRUCTOR|SYMBOL_USE_INVOCATION
PLACEHOLDER_CLIENT_ID|CLIENT|/data/ucov/repro/commons-cli/Clients/adfwer233/ThssDB|/src/main/java/cn/edu/thssdb/client/client.java(215:32)|/src/main/java/cn/edu/thssdb/client/client.java(215:50)|org.apache.commons.cli.DefaultParser|SYMBOL_KIND_CLASS|SYMBOL_USE_INSTANTIATION
PLACEHOLDER_CLIENT_ID|CLIENT|/data/ucov/repro/commons-cli/Clients/adfwer233/ThssDB|/src/main/java/cn/edu/thssdb/client/client.java(215:36)|/src/main/java/cn/edu/thssdb/client/client.java(215:48)|org.apache.commons.cli.DefaultParser|SYMBOL_KIND_TYPE|SYMBOL_USE_TYPE_REFERENCE
PLACEHOLDER_CLIENT_ID|CLIENT|/data/ucov/repro/commons-cli/Clients/adfwer233/ThssDB|/src/main/java/cn/edu/thssdb/client/client.java(215:5)|/src/main/java/cn/edu/thssdb/client/client.java(215:21)|org.apache.commons.cli.CommandLineParser|SYMBOL_KIND_TYPE|SYMBOL_USE_TYPE_REFERENCE
PLACEHOLDER_CLIENT_ID|CLIENT|/data/ucov/repro/commons-cli/Clients/adfwer233/ThssDB|/src/main/java/cn/edu/thssdb/client/client.java(216:5)|/src/main/java/cn/edu/thssdb/client/client.java(216:15)|org.apache.commons.cli.CommandLine|SYMBOL_KIND_TYPE|SYMBOL_USE_TYPE_REFERENCE
PLACEHOLDER_CLIENT_ID|CLIENT|/data/ucov/repro/commons-cli/Clients/adfwer233/ThssDB|/src/main/java/cn/edu/thssdb/client/client.java(218:13)|/src/main/java/cn/edu/thssdb/client/client.java(218:39)|org.apache.commons.cli.CommandLineParser.parse(org.apache.commons.cli.Options,java.lang.String[])|SYMBOL_KIND_METHOD|SYMBOL_USE_VIRTUAL_INVOCATION
PLACEHOLDER_CLIENT_ID|CLIENT|/data/ucov/repro/commons-cli/Clients/adfwer233/ThssDB|/src/main/java/cn/edu/thssdb/client/client.java(219:14)|/src/main/java/cn/edu/thssdb/client/client.java(219:27)|org.apache.commons.cli.ParseException|SYMBOL_KIND_TYPE|SYMBOL_USE_TYPE_REFERENCE
PLACEHOLDER_CLIENT_ID|CLIENT|/data/ucov/repro/commons-cli/Clients/adfwer233/ThssDB|/src/main/java/cn/edu/thssdb/client/client.java(52:5)|/src/main/java/cn/edu/thssdb/client/client.java(52:15)|org.apache.commons.cli.CommandLine|SYMBOL_KIND_TYPE|SYMBOL_USE_TYPE_REFERENCE
PLACEHOLDER_CLIENT_ID|CLIENT|/data/ucov/repro/commons-cli/Clients/adfwer233/ThssDB|/src/main/java/cn/edu/thssdb/client/client.java(53:9)|/src/main/java/cn/edu/thssdb/client/client.java(53:40)|org.apache.commons.cli.CommandLine.hasOption(java.lang.String)|SYMBOL_KIND_METHOD|SYMBOL_USE_INVOCATION
PLACEHOLDER_CLIENT_ID|CLIENT|/data/ucov/repro/commons-cli/Clients/adfwer233/ThssDB|/src/main/java/cn/edu/thssdb/client/client.java(59:21)|/src/main/java/cn/edu/thssdb/client/client.java(59:85)|org.apache.commons.cli.CommandLine.getOptionValue(java.lang.String,java.lang.String)|SYMBOL_KIND_METHOD|SYMBOL_USE_INVOCATION
PLACEHOLDER_CLIENT_ID|CLIENT|/data/ucov/repro/commons-cli/Clients/adfwer233/ThssDB|/src/main/java/cn/edu/thssdb/client/client.java(62:15)|/src/main/java/cn/edu/thssdb/client/client.java(62:95)|org.apache.commons.cli.CommandLine.getOptionValue(java.lang.String,java.lang.String)|SYMBOL_KIND_METHOD|SYMBOL_USE_INVOCATION
