PLACEHOLDER_CLIENT_ID|CLIENT|/data/ucov/repro/commons-cli/Clients/badlocale/HashSnail-Server|/src/main/java/org/hashsnail/server/cli/argumentsparser.java(111:12)|/src/main/java/org/hashsnail/server/cli/argumentsparser.java(111:43)|org.apache.commons.cli.CommandLine.hasOption(java.lang.String)|SYMBOL_KIND_METHOD|SYMBOL_USE_INVOCATION
PLACEHOLDER_CLIENT_ID|CLIENT|/data/ucov/repro/commons-cli/Clients/badlocale/HashSnail-Server|/src/main/java/org/hashsnail/server/cli/argumentsparser.java(112:37)|/src/main/java/org/hashsnail/server/cli/argumentsparser.java(112:73)|org.apache.commons.cli.CommandLine.getOptionValue(java.lang.String)|SYMBOL_KIND_METHOD|SYMBOL_USE_INVOCATION
PLACEHOLDER_CLIENT_ID|CLIENT|/data/ucov/repro/commons-cli/Clients/badlocale/HashSnail-Server|/src/main/java/org/hashsnail/server/cli/argumentsparser.java(125:12)|/src/main/java/org/hashsnail/server/cli/argumentsparser.java(125:34)|org.apache.commons.cli.CommandLine.hasOption(java.lang.String)|SYMBOL_KIND_METHOD|SYMBOL_USE_INVOCATION
PLACEHOLDER_CLIENT_ID|CLIENT|/data/ucov/repro/commons-cli/Clients/badlocale/HashSnail-Server|/src/main/java/org/hashsnail/server/cli/argumentsparser.java(126:19)|/src/main/java/org/hashsnail/server/cli/argumentsparser.java(126:46)|org.apache.commons.cli.CommandLine.getOptionValue(java.lang.String)|SYMBOL_KIND_METHOD|SYMBOL_USE_INVOCATION
PLACEHOLDER_CLIENT_ID|CLIENT|/data/ucov/repro/commons-cli/Clients/badlocale/HashSnail-Server|/src/main/java/org/hashsnail/server/cli/argumentsparser.java(139:12)|/src/main/java/org/hashsnail/server/cli/argumentsparser.java(139:39)|org.apache.commons.cli.CommandLine.hasOption(java.lang.String)|SYMBOL_KIND_METHOD|SYMBOL_USE_INVOCATION
PLACEHOLDER_CLIENT_ID|CLIENT|/data/ucov/repro/commons-cli/Clients/badlocale/HashSnail-Server|/src/main/java/org/hashsnail/server/cli/argumentsparser.java(140:52)|/src/main/java/org/hashsnail/server/cli/argumentsparser.java(140:84)|org.apache.commons.cli.CommandLine.getOptionValue(java.lang.String)|SYMBOL_KIND_METHOD|SYMBOL_USE_INVOCATION
PLACEHOLDER_CLIENT_ID|CLIENT|/data/ucov/repro/commons-cli/Clients/badlocale/HashSnail-Server|/src/main/java/org/hashsnail/server/cli/argumentsparser.java(144:12)|/src/main/java/org/hashsnail/server/cli/argumentsparser.java(144:32)|org.apache.commons.cli.CommandLine.hasOption(java.lang.String)|SYMBOL_KIND_METHOD|SYMBOL_USE_INVOCATION
PLACEHOLDER_CLIENT_ID|CLIENT|/data/ucov/repro/commons-cli/Clients/badlocale/HashSnail-Server|/src/main/java/org/hashsnail/server/cli/argumentsparser.java(145:26)|/src/main/java/org/hashsnail/server/cli/argumentsparser.java(145:51)|org.apache.commons.cli.CommandLine.getOptionValue(java.lang.String)|SYMBOL_KIND_METHOD|SYMBOL_USE_INVOCATION
PLACEHOLDER_CLIENT_ID|CLIENT|/data/ucov/repro/commons-cli/Clients/badlocale/HashSnail-Server|/src/main/java/org/hashsnail/server/cli/argumentsparser.java(149:12)|/src/main/java/org/hashsnail/server/cli/argumentsparser.java(149:38)|org.apache.commons.cli.CommandLine.hasOption(java.lang.String)|SYMBOL_KIND_METHOD|SYMBOL_USE_INVOCATION
PLACEHOLDER_CLIENT_ID|CLIENT|/data/ucov/repro/commons-cli/Clients/badlocale/HashSnail-Server|/src/main/java/org/hashsnail/server/cli/argumentsparser.java(152:16)|/src/main/java/org/hashsnail/server/cli/argumentsparser.java(152:47)|org.apache.commons.cli.CommandLine.getOptionValue(java.lang.String)|SYMBOL_KIND_METHOD|SYMBOL_USE_INVOCATION
PLACEHOLDER_CLIENT_ID|CLIENT|/data/ucov/repro/commons-cli/Clients/badlocale/HashSnail-Server|/src/main/java/org/hashsnail/server/cli/argumentsparser.java(153:43)|/src/main/java/org/hashsnail/server/cli/argumentsparser.java(153:74)|org.apache.commons.cli.CommandLine.getOptionValue(java.lang.String)|SYMBOL_KIND_METHOD|SYMBOL_USE_INVOCATION
PLACEHOLDER_CLIENT_ID|CLIENT|/data/ucov/repro/commons-cli/Clients/badlocale/HashSnail-Server|/src/main/java/org/hashsnail/server/cli/argumentsparser.java(16:12)|/src/main/java/org/hashsnail/server/cli/argumentsparser.java(16:22)|org.apache.commons.cli.CommandLine|SYMBOL_KIND_TYPE|SYMBOL_USE_TYPE_REFERENCE
PLACEHOLDER_CLIENT_ID|CLIENT|/data/ucov/repro/commons-cli/Clients/badlocale/HashSnail-Server|/src/main/java/org/hashsnail/server/cli/argumentsparser.java(19:36)|/src/main/java/org/hashsnail/server/cli/argumentsparser.java(19:54)|org.apache.commons.cli.DefaultParser()|SYMBOL_KIND_CONSTRUCTOR|SYMBOL_USE_INVOCATION
PLACEHOLDER_CLIENT_ID|CLIENT|/data/ucov/repro/commons-cli/Clients/badlocale/HashSnail-Server|/src/main/java/org/hashsnail/server/cli/argumentsparser.java(19:36)|/src/main/java/org/hashsnail/server/cli/argumentsparser.java(19:54)|org.apache.commons.cli.DefaultParser|SYMBOL_KIND_CLASS|SYMBOL_USE_INSTANTIATION
PLACEHOLDER_CLIENT_ID|CLIENT|/data/ucov/repro/commons-cli/Clients/badlocale/HashSnail-Server|/src/main/java/org/hashsnail/server/cli/argumentsparser.java(19:40)|/src/main/java/org/hashsnail/server/cli/argumentsparser.java(19:52)|org.apache.commons.cli.DefaultParser|SYMBOL_KIND_TYPE|SYMBOL_USE_TYPE_REFERENCE
PLACEHOLDER_CLIENT_ID|CLIENT|/data/ucov/repro/commons-cli/Clients/badlocale/HashSnail-Server|/src/main/java/org/hashsnail/server/cli/argumentsparser.java(19:9)|/src/main/java/org/hashsnail/server/cli/argumentsparser.java(19:25)|org.apache.commons.cli.CommandLineParser|SYMBOL_KIND_TYPE|SYMBOL_USE_TYPE_REFERENCE
PLACEHOLDER_CLIENT_ID|CLIENT|/data/ucov/repro/commons-cli/Clients/badlocale/HashSnail-Server|/src/main/java/org/hashsnail/server/cli/argumentsparser.java(22:19)|/src/main/java/org/hashsnail/server/cli/argumentsparser.java(22:58)|org.apache.commons.cli.CommandLineParser.parse(org.apache.commons.cli.Options,java.lang.String[])|SYMBOL_KIND_METHOD|SYMBOL_USE_VIRTUAL_INVOCATION
PLACEHOLDER_CLIENT_ID|CLIENT|/data/ucov/repro/commons-cli/Clients/badlocale/HashSnail-Server|/src/main/java/org/hashsnail/server/cli/argumentsparser.java(23:18)|/src/main/java/org/hashsnail/server/cli/argumentsparser.java(23:31)|org.apache.commons.cli.ParseException|SYMBOL_KIND_TYPE|SYMBOL_USE_TYPE_REFERENCE
PLACEHOLDER_CLIENT_ID|CLIENT|/data/ucov/repro/commons-cli/Clients/badlocale/HashSnail-Server|/src/main/java/org/hashsnail/server/cli/argumentsparser.java(30:13)|/src/main/java/org/hashsnail/server/cli/argumentsparser.java(30:19)|org.apache.commons.cli.Options|SYMBOL_KIND_TYPE|SYMBOL_USE_TYPE_REFERENCE
PLACEHOLDER_CLIENT_ID|CLIENT|/data/ucov/repro/commons-cli/Clients/badlocale/HashSnail-Server|/src/main/java/org/hashsnail/server/cli/argumentsparser.java(31:27)|/src/main/java/org/hashsnail/server/cli/argumentsparser.java(31:39)|org.apache.commons.cli.Options()|SYMBOL_KIND_CONSTRUCTOR|SYMBOL_USE_INVOCATION
PLACEHOLDER_CLIENT_ID|CLIENT|/data/ucov/repro/commons-cli/Clients/badlocale/HashSnail-Server|/src/main/java/org/hashsnail/server/cli/argumentsparser.java(31:27)|/src/main/java/org/hashsnail/server/cli/argumentsparser.java(31:39)|org.apache.commons.cli.Options|SYMBOL_KIND_CLASS|SYMBOL_USE_INSTANTIATION
PLACEHOLDER_CLIENT_ID|CLIENT|/data/ucov/repro/commons-cli/Clients/badlocale/HashSnail-Server|/src/main/java/org/hashsnail/server/cli/argumentsparser.java(31:31)|/src/main/java/org/hashsnail/server/cli/argumentsparser.java(31:37)|org.apache.commons.cli.Options|SYMBOL_KIND_TYPE|SYMBOL_USE_TYPE_REFERENCE
PLACEHOLDER_CLIENT_ID|CLIENT|/data/ucov/repro/commons-cli/Clients/badlocale/HashSnail-Server|/src/main/java/org/hashsnail/server/cli/argumentsparser.java(31:9)|/src/main/java/org/hashsnail/server/cli/argumentsparser.java(31:15)|org.apache.commons.cli.Options|SYMBOL_KIND_TYPE|SYMBOL_USE_TYPE_REFERENCE
PLACEHOLDER_CLIENT_ID|CLIENT|/data/ucov/repro/commons-cli/Clients/badlocale/HashSnail-Server|/src/main/java/org/hashsnail/server/cli/argumentsparser.java(33:39)|/src/main/java/org/hashsnail/server/cli/argumentsparser.java(33:75)|org.apache.commons.cli.Option(java.lang.String,java.lang.String,boolean,java.lang.String)|SYMBOL_KIND_CONSTRUCTOR|SYMBOL_USE_INVOCATION
PLACEHOLDER_CLIENT_ID|CLIENT|/data/ucov/repro/commons-cli/Clients/badlocale/HashSnail-Server|/src/main/java/org/hashsnail/server/cli/argumentsparser.java(33:39)|/src/main/java/org/hashsnail/server/cli/argumentsparser.java(33:75)|org.apache.commons.cli.Option|SYMBOL_KIND_CLASS|SYMBOL_USE_INSTANTIATION
PLACEHOLDER_CLIENT_ID|CLIENT|/data/ucov/repro/commons-cli/Clients/badlocale/HashSnail-Server|/src/main/java/org/hashsnail/server/cli/argumentsparser.java(33:43)|/src/main/java/org/hashsnail/server/cli/argumentsparser.java(33:48)|org.apache.commons.cli.Option|SYMBOL_KIND_TYPE|SYMBOL_USE_TYPE_REFERENCE
PLACEHOLDER_CLIENT_ID|CLIENT|/data/ucov/repro/commons-cli/Clients/badlocale/HashSnail-Server|/src/main/java/org/hashsnail/server/cli/argumentsparser.java(33:9)|/src/main/java/org/hashsnail/server/cli/argumentsparser.java(33:14)|org.apache.commons.cli.Option|SYMBOL_KIND_TYPE|SYMBOL_USE_TYPE_REFERENCE
PLACEHOLDER_CLIENT_ID|CLIENT|/data/ucov/repro/commons-cli/Clients/badlocale/HashSnail-Server|/src/main/java/org/hashsnail/server/cli/argumentsparser.java(34:9)|/src/main/java/org/hashsnail/server/cli/argumentsparser.java(34:40)|org.apache.commons.cli.Option.setArgs(int)|SYMBOL_KIND_METHOD|SYMBOL_USE_INVOCATION
PLACEHOLDER_CLIENT_ID|CLIENT|/data/ucov/repro/commons-cli/Clients/badlocale/HashSnail-Server|/src/main/java/org/hashsnail/server/cli/argumentsparser.java(35:9)|/src/main/java/org/hashsnail/server/cli/argumentsparser.java(35:50)|org.apache.commons.cli.Option.setOptionalArg(boolean)|SYMBOL_KIND_METHOD|SYMBOL_USE_INVOCATION
PLACEHOLDER_CLIENT_ID|CLIENT|/data/ucov/repro/commons-cli/Clients/badlocale/HashSnail-Server|/src/main/java/org/hashsnail/server/cli/argumentsparser.java(36:9)|/src/main/java/org/hashsnail/server/cli/argumentsparser.java(36:62)|org.apache.commons.cli.Option.setArgName(java.lang.String)|SYMBOL_KIND_METHOD|SYMBOL_USE_INVOCATION
PLACEHOLDER_CLIENT_ID|CLIENT|/data/ucov/repro/commons-cli/Clients/badlocale/HashSnail-Server|/src/main/java/org/hashsnail/server/cli/argumentsparser.java(38:42)|/src/main/java/org/hashsnail/server/cli/argumentsparser.java(38:92)|org.apache.commons.cli.Option(java.lang.String,java.lang.String,boolean,java.lang.String)|SYMBOL_KIND_CONSTRUCTOR|SYMBOL_USE_INVOCATION
PLACEHOLDER_CLIENT_ID|CLIENT|/data/ucov/repro/commons-cli/Clients/badlocale/HashSnail-Server|/src/main/java/org/hashsnail/server/cli/argumentsparser.java(38:42)|/src/main/java/org/hashsnail/server/cli/argumentsparser.java(38:92)|org.apache.commons.cli.Option|SYMBOL_KIND_CLASS|SYMBOL_USE_INSTANTIATION
PLACEHOLDER_CLIENT_ID|CLIENT|/data/ucov/repro/commons-cli/Clients/badlocale/HashSnail-Server|/src/main/java/org/hashsnail/server/cli/argumentsparser.java(38:46)|/src/main/java/org/hashsnail/server/cli/argumentsparser.java(38:51)|org.apache.commons.cli.Option|SYMBOL_KIND_TYPE|SYMBOL_USE_TYPE_REFERENCE
PLACEHOLDER_CLIENT_ID|CLIENT|/data/ucov/repro/commons-cli/Clients/badlocale/HashSnail-Server|/src/main/java/org/hashsnail/server/cli/argumentsparser.java(38:9)|/src/main/java/org/hashsnail/server/cli/argumentsparser.java(38:14)|org.apache.commons.cli.Option|SYMBOL_KIND_TYPE|SYMBOL_USE_TYPE_REFERENCE
PLACEHOLDER_CLIENT_ID|CLIENT|/data/ucov/repro/commons-cli/Clients/badlocale/HashSnail-Server|/src/main/java/org/hashsnail/server/cli/argumentsparser.java(39:9)|/src/main/java/org/hashsnail/server/cli/argumentsparser.java(39:43)|org.apache.commons.cli.Option.setArgs(int)|SYMBOL_KIND_METHOD|SYMBOL_USE_INVOCATION
PLACEHOLDER_CLIENT_ID|CLIENT|/data/ucov/repro/commons-cli/Clients/badlocale/HashSnail-Server|/src/main/java/org/hashsnail/server/cli/argumentsparser.java(40:9)|/src/main/java/org/hashsnail/server/cli/argumentsparser.java(40:54)|org.apache.commons.cli.Option.setOptionalArg(boolean)|SYMBOL_KIND_METHOD|SYMBOL_USE_INVOCATION
PLACEHOLDER_CLIENT_ID|CLIENT|/data/ucov/repro/commons-cli/Clients/badlocale/HashSnail-Server|/src/main/java/org/hashsnail/server/cli/argumentsparser.java(41:9)|/src/main/java/org/hashsnail/server/cli/argumentsparser.java(41:67)|org.apache.commons.cli.Option.setArgName(java.lang.String)|SYMBOL_KIND_METHOD|SYMBOL_USE_INVOCATION
PLACEHOLDER_CLIENT_ID|CLIENT|/data/ucov/repro/commons-cli/Clients/badlocale/HashSnail-Server|/src/main/java/org/hashsnail/server/cli/argumentsparser.java(43:41)|/src/main/java/org/hashsnail/server/cli/argumentsparser.java(43:95)|org.apache.commons.cli.Option(java.lang.String,java.lang.String,boolean,java.lang.String)|SYMBOL_KIND_CONSTRUCTOR|SYMBOL_USE_INVOCATION
PLACEHOLDER_CLIENT_ID|CLIENT|/data/ucov/repro/commons-cli/Clients/badlocale/HashSnail-Server|/src/main/java/org/hashsnail/server/cli/argumentsparser.java(43:41)|/src/main/java/org/hashsnail/server/cli/argumentsparser.java(43:95)|org.apache.commons.cli.Option|SYMBOL_KIND_CLASS|SYMBOL_USE_INSTANTIATION
PLACEHOLDER_CLIENT_ID|CLIENT|/data/ucov/repro/commons-cli/Clients/badlocale/HashSnail-Server|/src/main/java/org/hashsnail/server/cli/argumentsparser.java(43:45)|/src/main/java/org/hashsnail/server/cli/argumentsparser.java(43:50)|org.apache.commons.cli.Option|SYMBOL_KIND_TYPE|SYMBOL_USE_TYPE_REFERENCE
PLACEHOLDER_CLIENT_ID|CLIENT|/data/ucov/repro/commons-cli/Clients/badlocale/HashSnail-Server|/src/main/java/org/hashsnail/server/cli/argumentsparser.java(43:9)|/src/main/java/org/hashsnail/server/cli/argumentsparser.java(43:14)|org.apache.commons.cli.Option|SYMBOL_KIND_TYPE|SYMBOL_USE_TYPE_REFERENCE
PLACEHOLDER_CLIENT_ID|CLIENT|/data/ucov/repro/commons-cli/Clients/badlocale/HashSnail-Server|/src/main/java/org/hashsnail/server/cli/argumentsparser.java(44:9)|/src/main/java/org/hashsnail/server/cli/argumentsparser.java(44:42)|org.apache.commons.cli.Option.setArgs(int)|SYMBOL_KIND_METHOD|SYMBOL_USE_INVOCATION
PLACEHOLDER_CLIENT_ID|CLIENT|/data/ucov/repro/commons-cli/Clients/badlocale/HashSnail-Server|/src/main/java/org/hashsnail/server/cli/argumentsparser.java(45:9)|/src/main/java/org/hashsnail/server/cli/argumentsparser.java(45:53)|org.apache.commons.cli.Option.setOptionalArg(boolean)|SYMBOL_KIND_METHOD|SYMBOL_USE_INVOCATION
PLACEHOLDER_CLIENT_ID|CLIENT|/data/ucov/repro/commons-cli/Clients/badlocale/HashSnail-Server|/src/main/java/org/hashsnail/server/cli/argumentsparser.java(46:9)|/src/main/java/org/hashsnail/server/cli/argumentsparser.java(46:57)|org.apache.commons.cli.Option.setArgName(java.lang.String)|SYMBOL_KIND_METHOD|SYMBOL_USE_INVOCATION
PLACEHOLDER_CLIENT_ID|CLIENT|/data/ucov/repro/commons-cli/Clients/badlocale/HashSnail-Server|/src/main/java/org/hashsnail/server/cli/argumentsparser.java(48:35)|/src/main/java/org/hashsnail/server/cli/argumentsparser.java(48:85)|org.apache.commons.cli.Option(java.lang.String,java.lang.String,boolean,java.lang.String)|SYMBOL_KIND_CONSTRUCTOR|SYMBOL_USE_INVOCATION
PLACEHOLDER_CLIENT_ID|CLIENT|/data/ucov/repro/commons-cli/Clients/badlocale/HashSnail-Server|/src/main/java/org/hashsnail/server/cli/argumentsparser.java(48:35)|/src/main/java/org/hashsnail/server/cli/argumentsparser.java(48:85)|org.apache.commons.cli.Option|SYMBOL_KIND_CLASS|SYMBOL_USE_INSTANTIATION
PLACEHOLDER_CLIENT_ID|CLIENT|/data/ucov/repro/commons-cli/Clients/badlocale/HashSnail-Server|/src/main/java/org/hashsnail/server/cli/argumentsparser.java(48:39)|/src/main/java/org/hashsnail/server/cli/argumentsparser.java(48:44)|org.apache.commons.cli.Option|SYMBOL_KIND_TYPE|SYMBOL_USE_TYPE_REFERENCE
PLACEHOLDER_CLIENT_ID|CLIENT|/data/ucov/repro/commons-cli/Clients/badlocale/HashSnail-Server|/src/main/java/org/hashsnail/server/cli/argumentsparser.java(48:9)|/src/main/java/org/hashsnail/server/cli/argumentsparser.java(48:14)|org.apache.commons.cli.Option|SYMBOL_KIND_TYPE|SYMBOL_USE_TYPE_REFERENCE
PLACEHOLDER_CLIENT_ID|CLIENT|/data/ucov/repro/commons-cli/Clients/badlocale/HashSnail-Server|/src/main/java/org/hashsnail/server/cli/argumentsparser.java(49:9)|/src/main/java/org/hashsnail/server/cli/argumentsparser.java(49:36)|org.apache.commons.cli.Option.setArgs(int)|SYMBOL_KIND_METHOD|SYMBOL_USE_INVOCATION
PLACEHOLDER_CLIENT_ID|CLIENT|/data/ucov/repro/commons-cli/Clients/badlocale/HashSnail-Server|/src/main/java/org/hashsnail/server/cli/argumentsparser.java(50:9)|/src/main/java/org/hashsnail/server/cli/argumentsparser.java(50:47)|org.apache.commons.cli.Option.setOptionalArg(boolean)|SYMBOL_KIND_METHOD|SYMBOL_USE_INVOCATION
PLACEHOLDER_CLIENT_ID|CLIENT|/data/ucov/repro/commons-cli/Clients/badlocale/HashSnail-Server|/src/main/java/org/hashsnail/server/cli/argumentsparser.java(51:9)|/src/main/java/org/hashsnail/server/cli/argumentsparser.java(51:44)|org.apache.commons.cli.Option.setArgName(java.lang.String)|SYMBOL_KIND_METHOD|SYMBOL_USE_INVOCATION
PLACEHOLDER_CLIENT_ID|CLIENT|/data/ucov/repro/commons-cli/Clients/badlocale/HashSnail-Server|/src/main/java/org/hashsnail/server/cli/argumentsparser.java(53:41)|/src/main/java/org/hashsnail/server/cli/argumentsparser.java(53:100)|org.apache.commons.cli.Option(java.lang.String,java.lang.String,boolean,java.lang.String)|SYMBOL_KIND_CONSTRUCTOR|SYMBOL_USE_INVOCATION
PLACEHOLDER_CLIENT_ID|CLIENT|/data/ucov/repro/commons-cli/Clients/badlocale/HashSnail-Server|/src/main/java/org/hashsnail/server/cli/argumentsparser.java(53:41)|/src/main/java/org/hashsnail/server/cli/argumentsparser.java(53:100)|org.apache.commons.cli.Option|SYMBOL_KIND_CLASS|SYMBOL_USE_INSTANTIATION
PLACEHOLDER_CLIENT_ID|CLIENT|/data/ucov/repro/commons-cli/Clients/badlocale/HashSnail-Server|/src/main/java/org/hashsnail/server/cli/argumentsparser.java(53:45)|/src/main/java/org/hashsnail/server/cli/argumentsparser.java(53:50)|org.apache.commons.cli.Option|SYMBOL_KIND_TYPE|SYMBOL_USE_TYPE_REFERENCE
PLACEHOLDER_CLIENT_ID|CLIENT|/data/ucov/repro/commons-cli/Clients/badlocale/HashSnail-Server|/src/main/java/org/hashsnail/server/cli/argumentsparser.java(53:9)|/src/main/java/org/hashsnail/server/cli/argumentsparser.java(53:14)|org.apache.commons.cli.Option|SYMBOL_KIND_TYPE|SYMBOL_USE_TYPE_REFERENCE
PLACEHOLDER_CLIENT_ID|CLIENT|/data/ucov/repro/commons-cli/Clients/badlocale/HashSnail-Server|/src/main/java/org/hashsnail/server/cli/argumentsparser.java(54:9)|/src/main/java/org/hashsnail/server/cli/argumentsparser.java(54:42)|org.apache.commons.cli.Option.setArgs(int)|SYMBOL_KIND_METHOD|SYMBOL_USE_INVOCATION
PLACEHOLDER_CLIENT_ID|CLIENT|/data/ucov/repro/commons-cli/Clients/badlocale/HashSnail-Server|/src/main/java/org/hashsnail/server/cli/argumentsparser.java(55:9)|/src/main/java/org/hashsnail/server/cli/argumentsparser.java(55:52)|org.apache.commons.cli.Option.setOptionalArg(boolean)|SYMBOL_KIND_METHOD|SYMBOL_USE_INVOCATION
PLACEHOLDER_CLIENT_ID|CLIENT|/data/ucov/repro/commons-cli/Clients/badlocale/HashSnail-Server|/src/main/java/org/hashsnail/server/cli/argumentsparser.java(56:9)|/src/main/java/org/hashsnail/server/cli/argumentsparser.java(56:66)|org.apache.commons.cli.Option.setArgName(java.lang.String)|SYMBOL_KIND_METHOD|SYMBOL_USE_INVOCATION
PLACEHOLDER_CLIENT_ID|CLIENT|/data/ucov/repro/commons-cli/Clients/badlocale/HashSnail-Server|/src/main/java/org/hashsnail/server/cli/argumentsparser.java(58:39)|/src/main/java/org/hashsnail/server/cli/argumentsparser.java(58:55)|org.apache.commons.cli.OptionGroup()|SYMBOL_KIND_CONSTRUCTOR|SYMBOL_USE_INVOCATION
PLACEHOLDER_CLIENT_ID|CLIENT|/data/ucov/repro/commons-cli/Clients/badlocale/HashSnail-Server|/src/main/java/org/hashsnail/server/cli/argumentsparser.java(58:39)|/src/main/java/org/hashsnail/server/cli/argumentsparser.java(58:55)|org.apache.commons.cli.OptionGroup|SYMBOL_KIND_CLASS|SYMBOL_USE_INSTANTIATION
PLACEHOLDER_CLIENT_ID|CLIENT|/data/ucov/repro/commons-cli/Clients/badlocale/HashSnail-Server|/src/main/java/org/hashsnail/server/cli/argumentsparser.java(58:43)|/src/main/java/org/hashsnail/server/cli/argumentsparser.java(58:53)|org.apache.commons.cli.OptionGroup|SYMBOL_KIND_TYPE|SYMBOL_USE_TYPE_REFERENCE
PLACEHOLDER_CLIENT_ID|CLIENT|/data/ucov/repro/commons-cli/Clients/badlocale/HashSnail-Server|/src/main/java/org/hashsnail/server/cli/argumentsparser.java(58:9)|/src/main/java/org/hashsnail/server/cli/argumentsparser.java(58:19)|org.apache.commons.cli.OptionGroup|SYMBOL_KIND_TYPE|SYMBOL_USE_TYPE_REFERENCE
PLACEHOLDER_CLIENT_ID|CLIENT|/data/ucov/repro/commons-cli/Clients/badlocale/HashSnail-Server|/src/main/java/org/hashsnail/server/cli/argumentsparser.java(59:9)|/src/main/java/org/hashsnail/server/cli/argumentsparser.java(59:58)|org.apache.commons.cli.OptionGroup.addOption(org.apache.commons.cli.Option)|SYMBOL_KIND_METHOD|SYMBOL_USE_INVOCATION
PLACEHOLDER_CLIENT_ID|CLIENT|/data/ucov/repro/commons-cli/Clients/badlocale/HashSnail-Server|/src/main/java/org/hashsnail/server/cli/argumentsparser.java(60:9)|/src/main/java/org/hashsnail/server/cli/argumentsparser.java(60:52)|org.apache.commons.cli.OptionGroup.addOption(org.apache.commons.cli.Option)|SYMBOL_KIND_METHOD|SYMBOL_USE_INVOCATION
PLACEHOLDER_CLIENT_ID|CLIENT|/data/ucov/repro/commons-cli/Clients/badlocale/HashSnail-Server|/src/main/java/org/hashsnail/server/cli/argumentsparser.java(61:9)|/src/main/java/org/hashsnail/server/cli/argumentsparser.java(61:58)|org.apache.commons.cli.OptionGroup.addOption(org.apache.commons.cli.Option)|SYMBOL_KIND_METHOD|SYMBOL_USE_INVOCATION
PLACEHOLDER_CLIENT_ID|CLIENT|/data/ucov/repro/commons-cli/Clients/badlocale/HashSnail-Server|/src/main/java/org/hashsnail/server/cli/argumentsparser.java(63:37)|/src/main/java/org/hashsnail/server/cli/argumentsparser.java(63:89)|org.apache.commons.cli.Option(java.lang.String,java.lang.String,boolean,java.lang.String)|SYMBOL_KIND_CONSTRUCTOR|SYMBOL_USE_INVOCATION
PLACEHOLDER_CLIENT_ID|CLIENT|/data/ucov/repro/commons-cli/Clients/badlocale/HashSnail-Server|/src/main/java/org/hashsnail/server/cli/argumentsparser.java(63:37)|/src/main/java/org/hashsnail/server/cli/argumentsparser.java(63:89)|org.apache.commons.cli.Option|SYMBOL_KIND_CLASS|SYMBOL_USE_INSTANTIATION
PLACEHOLDER_CLIENT_ID|CLIENT|/data/ucov/repro/commons-cli/Clients/badlocale/HashSnail-Server|/src/main/java/org/hashsnail/server/cli/argumentsparser.java(63:41)|/src/main/java/org/hashsnail/server/cli/argumentsparser.java(63:46)|org.apache.commons.cli.Option|SYMBOL_KIND_TYPE|SYMBOL_USE_TYPE_REFERENCE
PLACEHOLDER_CLIENT_ID|CLIENT|/data/ucov/repro/commons-cli/Clients/badlocale/HashSnail-Server|/src/main/java/org/hashsnail/server/cli/argumentsparser.java(63:9)|/src/main/java/org/hashsnail/server/cli/argumentsparser.java(63:14)|org.apache.commons.cli.Option|SYMBOL_KIND_TYPE|SYMBOL_USE_TYPE_REFERENCE
PLACEHOLDER_CLIENT_ID|CLIENT|/data/ucov/repro/commons-cli/Clients/badlocale/HashSnail-Server|/src/main/java/org/hashsnail/server/cli/argumentsparser.java(64:9)|/src/main/java/org/hashsnail/server/cli/argumentsparser.java(64:38)|org.apache.commons.cli.Option.setArgs(int)|SYMBOL_KIND_METHOD|SYMBOL_USE_INVOCATION
PLACEHOLDER_CLIENT_ID|CLIENT|/data/ucov/repro/commons-cli/Clients/badlocale/HashSnail-Server|/src/main/java/org/hashsnail/server/cli/argumentsparser.java(65:9)|/src/main/java/org/hashsnail/server/cli/argumentsparser.java(65:49)|org.apache.commons.cli.Option.setOptionalArg(boolean)|SYMBOL_KIND_METHOD|SYMBOL_USE_INVOCATION
PLACEHOLDER_CLIENT_ID|CLIENT|/data/ucov/repro/commons-cli/Clients/badlocale/HashSnail-Server|/src/main/java/org/hashsnail/server/cli/argumentsparser.java(66:9)|/src/main/java/org/hashsnail/server/cli/argumentsparser.java(66:46)|org.apache.commons.cli.Option.setArgName(java.lang.String)|SYMBOL_KIND_METHOD|SYMBOL_USE_INVOCATION
PLACEHOLDER_CLIENT_ID|CLIENT|/data/ucov/repro/commons-cli/Clients/badlocale/HashSnail-Server|/src/main/java/org/hashsnail/server/cli/argumentsparser.java(68:39)|/src/main/java/org/hashsnail/server/cli/argumentsparser.java(68:109)|org.apache.commons.cli.Option(java.lang.String,java.lang.String,boolean,java.lang.String)|SYMBOL_KIND_CONSTRUCTOR|SYMBOL_USE_INVOCATION
PLACEHOLDER_CLIENT_ID|CLIENT|/data/ucov/repro/commons-cli/Clients/badlocale/HashSnail-Server|/src/main/java/org/hashsnail/server/cli/argumentsparser.java(68:39)|/src/main/java/org/hashsnail/server/cli/argumentsparser.java(68:109)|org.apache.commons.cli.Option|SYMBOL_KIND_CLASS|SYMBOL_USE_INSTANTIATION
PLACEHOLDER_CLIENT_ID|CLIENT|/data/ucov/repro/commons-cli/Clients/badlocale/HashSnail-Server|/src/main/java/org/hashsnail/server/cli/argumentsparser.java(68:43)|/src/main/java/org/hashsnail/server/cli/argumentsparser.java(68:48)|org.apache.commons.cli.Option|SYMBOL_KIND_TYPE|SYMBOL_USE_TYPE_REFERENCE
PLACEHOLDER_CLIENT_ID|CLIENT|/data/ucov/repro/commons-cli/Clients/badlocale/HashSnail-Server|/src/main/java/org/hashsnail/server/cli/argumentsparser.java(68:9)|/src/main/java/org/hashsnail/server/cli/argumentsparser.java(68:14)|org.apache.commons.cli.Option|SYMBOL_KIND_TYPE|SYMBOL_USE_TYPE_REFERENCE
PLACEHOLDER_CLIENT_ID|CLIENT|/data/ucov/repro/commons-cli/Clients/badlocale/HashSnail-Server|/src/main/java/org/hashsnail/server/cli/argumentsparser.java(69:9)|/src/main/java/org/hashsnail/server/cli/argumentsparser.java(69:40)|org.apache.commons.cli.Option.setArgs(int)|SYMBOL_KIND_METHOD|SYMBOL_USE_INVOCATION
PLACEHOLDER_CLIENT_ID|CLIENT|/data/ucov/repro/commons-cli/Clients/badlocale/HashSnail-Server|/src/main/java/org/hashsnail/server/cli/argumentsparser.java(70:9)|/src/main/java/org/hashsnail/server/cli/argumentsparser.java(70:51)|org.apache.commons.cli.Option.setOptionalArg(boolean)|SYMBOL_KIND_METHOD|SYMBOL_USE_INVOCATION
PLACEHOLDER_CLIENT_ID|CLIENT|/data/ucov/repro/commons-cli/Clients/badlocale/HashSnail-Server|/src/main/java/org/hashsnail/server/cli/argumentsparser.java(71:9)|/src/main/java/org/hashsnail/server/cli/argumentsparser.java(71:58)|org.apache.commons.cli.Option.setArgName(java.lang.String)|SYMBOL_KIND_METHOD|SYMBOL_USE_INVOCATION
PLACEHOLDER_CLIENT_ID|CLIENT|/data/ucov/repro/commons-cli/Clients/badlocale/HashSnail-Server|/src/main/java/org/hashsnail/server/cli/argumentsparser.java(73:39)|/src/main/java/org/hashsnail/server/cli/argumentsparser.java(73:55)|org.apache.commons.cli.OptionGroup()|SYMBOL_KIND_CONSTRUCTOR|SYMBOL_USE_INVOCATION
PLACEHOLDER_CLIENT_ID|CLIENT|/data/ucov/repro/commons-cli/Clients/badlocale/HashSnail-Server|/src/main/java/org/hashsnail/server/cli/argumentsparser.java(73:39)|/src/main/java/org/hashsnail/server/cli/argumentsparser.java(73:55)|org.apache.commons.cli.OptionGroup|SYMBOL_KIND_CLASS|SYMBOL_USE_INSTANTIATION
PLACEHOLDER_CLIENT_ID|CLIENT|/data/ucov/repro/commons-cli/Clients/badlocale/HashSnail-Server|/src/main/java/org/hashsnail/server/cli/argumentsparser.java(73:43)|/src/main/java/org/hashsnail/server/cli/argumentsparser.java(73:53)|org.apache.commons.cli.OptionGroup|SYMBOL_KIND_TYPE|SYMBOL_USE_TYPE_REFERENCE
PLACEHOLDER_CLIENT_ID|CLIENT|/data/ucov/repro/commons-cli/Clients/badlocale/HashSnail-Server|/src/main/java/org/hashsnail/server/cli/argumentsparser.java(73:9)|/src/main/java/org/hashsnail/server/cli/argumentsparser.java(73:19)|org.apache.commons.cli.OptionGroup|SYMBOL_KIND_TYPE|SYMBOL_USE_TYPE_REFERENCE
PLACEHOLDER_CLIENT_ID|CLIENT|/data/ucov/repro/commons-cli/Clients/badlocale/HashSnail-Server|/src/main/java/org/hashsnail/server/cli/argumentsparser.java(74:9)|/src/main/java/org/hashsnail/server/cli/argumentsparser.java(74:54)|org.apache.commons.cli.OptionGroup.addOption(org.apache.commons.cli.Option)|SYMBOL_KIND_METHOD|SYMBOL_USE_INVOCATION
PLACEHOLDER_CLIENT_ID|CLIENT|/data/ucov/repro/commons-cli/Clients/badlocale/HashSnail-Server|/src/main/java/org/hashsnail/server/cli/argumentsparser.java(75:9)|/src/main/java/org/hashsnail/server/cli/argumentsparser.java(75:56)|org.apache.commons.cli.OptionGroup.addOption(org.apache.commons.cli.Option)|SYMBOL_KIND_METHOD|SYMBOL_USE_INVOCATION
PLACEHOLDER_CLIENT_ID|CLIENT|/data/ucov/repro/commons-cli/Clients/badlocale/HashSnail-Server|/src/main/java/org/hashsnail/server/cli/argumentsparser.java(77:9)|/src/main/java/org/hashsnail/server/cli/argumentsparser.java(77:48)|org.apache.commons.cli.Options.addOption(org.apache.commons.cli.Option)|SYMBOL_KIND_METHOD|SYMBOL_USE_INVOCATION
PLACEHOLDER_CLIENT_ID|CLIENT|/data/ucov/repro/commons-cli/Clients/badlocale/HashSnail-Server|/src/main/java/org/hashsnail/server/cli/argumentsparser.java(78:9)|/src/main/java/org/hashsnail/server/cli/argumentsparser.java(78:51)|org.apache.commons.cli.Options.addOption(org.apache.commons.cli.Option)|SYMBOL_KIND_METHOD|SYMBOL_USE_INVOCATION
PLACEHOLDER_CLIENT_ID|CLIENT|/data/ucov/repro/commons-cli/Clients/badlocale/HashSnail-Server|/src/main/java/org/hashsnail/server/cli/argumentsparser.java(79:9)|/src/main/java/org/hashsnail/server/cli/argumentsparser.java(79:48)|org.apache.commons.cli.Options.addOptionGroup(org.apache.commons.cli.OptionGroup)|SYMBOL_KIND_METHOD|SYMBOL_USE_INVOCATION
PLACEHOLDER_CLIENT_ID|CLIENT|/data/ucov/repro/commons-cli/Clients/badlocale/HashSnail-Server|/src/main/java/org/hashsnail/server/cli/argumentsparser.java(80:9)|/src/main/java/org/hashsnail/server/cli/argumentsparser.java(80:48)|org.apache.commons.cli.Options.addOptionGroup(org.apache.commons.cli.OptionGroup)|SYMBOL_KIND_METHOD|SYMBOL_USE_INVOCATION
PLACEHOLDER_CLIENT_ID|CLIENT|/data/ucov/repro/commons-cli/Clients/badlocale/HashSnail-Server|/src/main/java/org/hashsnail/server/cli/argumentsparser.java(86:13)|/src/main/java/org/hashsnail/server/cli/argumentsparser.java(86:33)|org.apache.commons.cli.CommandLine.hasOption(java.lang.String)|SYMBOL_KIND_METHOD|SYMBOL_USE_INVOCATION
PLACEHOLDER_CLIENT_ID|CLIENT|/data/ucov/repro/commons-cli/Clients/badlocale/HashSnail-Server|/src/main/java/org/hashsnail/server/cli/argumentsparser.java(87:37)|/src/main/java/org/hashsnail/server/cli/argumentsparser.java(87:62)|org.apache.commons.cli.CommandLine.getOptionValue(java.lang.String)|SYMBOL_KIND_METHOD|SYMBOL_USE_INVOCATION
PLACEHOLDER_CLIENT_ID|CLIENT|/data/ucov/repro/commons-cli/Clients/badlocale/HashSnail-Server|/src/main/java/org/hashsnail/server/cli/argumentsparser.java(96:12)|/src/main/java/org/hashsnail/server/cli/argumentsparser.java(96:36)|org.apache.commons.cli.CommandLine.hasOption(java.lang.String)|SYMBOL_KIND_METHOD|SYMBOL_USE_INVOCATION
PLACEHOLDER_CLIENT_ID|CLIENT|/data/ucov/repro/commons-cli/Clients/badlocale/HashSnail-Server|/src/main/java/org/hashsnail/server/cli/argumentsparser.java(97:34)|/src/main/java/org/hashsnail/server/cli/argumentsparser.java(97:63)|org.apache.commons.cli.CommandLine.getOptionValue(java.lang.String)|SYMBOL_KIND_METHOD|SYMBOL_USE_INVOCATION
