PLACEHOLDER_CLIENT_ID|CLIENT|/data/ucov/repro/commons-cli/Clients/NoraDing/syringa|/syringa-core/src/main/java/com/bilibili/syringa/core/client/optioninit.java(261:13)|/syringa-core/src/main/java/com/bilibili/syringa/core/client/optioninit.java(261:19)|org.apache.commons.cli.Options|SYMBOL_KIND_TYPE|SYMBOL_USE_TYPE_REFERENCE
PLACEHOLDER_CLIENT_ID|CLIENT|/data/ucov/repro/commons-cli/Clients/NoraDing/syringa|/syringa-core/src/main/java/com/bilibili/syringa/core/client/optioninit.java(262:27)|/syringa-core/src/main/java/com/bilibili/syringa/core/client/optioninit.java(262:39)|org.apache.commons.cli.Options()|SYMBOL_KIND_CONSTRUCTOR|SYMBOL_USE_INVOCATION
PLACEHOLDER_CLIENT_ID|CLIENT|/data/ucov/repro/commons-cli/Clients/NoraDing/syringa|/syringa-core/src/main/java/com/bilibili/syringa/core/client/optioninit.java(262:27)|/syringa-core/src/main/java/com/bilibili/syringa/core/client/optioninit.java(262:39)|org.apache.commons.cli.Options|SYMBOL_KIND_CLASS|SYMBOL_USE_INSTANTIATION
PLACEHOLDER_CLIENT_ID|CLIENT|/data/ucov/repro/commons-cli/Clients/NoraDing/syringa|/syringa-core/src/main/java/com/bilibili/syringa/core/client/optioninit.java(262:31)|/syringa-core/src/main/java/com/bilibili/syringa/core/client/optioninit.java(262:37)|org.apache.commons.cli.Options|SYMBOL_KIND_TYPE|SYMBOL_USE_TYPE_REFERENCE
PLACEHOLDER_CLIENT_ID|CLIENT|/data/ucov/repro/commons-cli/Clients/NoraDing/syringa|/syringa-core/src/main/java/com/bilibili/syringa/core/client/optioninit.java(262:9)|/syringa-core/src/main/java/com/bilibili/syringa/core/client/optioninit.java(262:15)|org.apache.commons.cli.Options|SYMBOL_KIND_TYPE|SYMBOL_USE_TYPE_REFERENCE
PLACEHOLDER_CLIENT_ID|CLIENT|/data/ucov/repro/commons-cli/Clients/NoraDing/syringa|/syringa-core/src/main/java/com/bilibili/syringa/core/client/optioninit.java(264:9)|/syringa-core/src/main/java/com/bilibili/syringa/core/client/optioninit.java(264:59)|org.apache.commons.cli.Options.addOption(java.lang.String,java.lang.String,boolean,java.lang.String)|SYMBOL_KIND_METHOD|SYMBOL_USE_INVOCATION
PLACEHOLDER_CLIENT_ID|CLIENT|/data/ucov/repro/commons-cli/Clients/NoraDing/syringa|/syringa-core/src/main/java/com/bilibili/syringa/core/client/optioninit.java(265:9)|/syringa-core/src/main/java/com/bilibili/syringa/core/client/optioninit.java(265:66)|org.apache.commons.cli.Options.addOption(java.lang.String,java.lang.String,boolean,java.lang.String)|SYMBOL_KIND_METHOD|SYMBOL_USE_INVOCATION
PLACEHOLDER_CLIENT_ID|CLIENT|/data/ucov/repro/commons-cli/Clients/NoraDing/syringa|/syringa-core/src/main/java/com/bilibili/syringa/core/client/optioninit.java(266:9)|/syringa-core/src/main/java/com/bilibili/syringa/core/client/optioninit.java(266:74)|org.apache.commons.cli.Options.addOption(java.lang.String,java.lang.String,boolean,java.lang.String)|SYMBOL_KIND_METHOD|SYMBOL_USE_INVOCATION
PLACEHOLDER_CLIENT_ID|CLIENT|/data/ucov/repro/commons-cli/Clients/NoraDing/syringa|/syringa-core/src/main/java/com/bilibili/syringa/core/client/optioninit.java(267:9)|/syringa-core/src/main/java/com/bilibili/syringa/core/client/optioninit.java(267:61)|org.apache.commons.cli.Options.addOption(java.lang.String,java.lang.String,boolean,java.lang.String)|SYMBOL_KIND_METHOD|SYMBOL_USE_INVOCATION
PLACEHOLDER_CLIENT_ID|CLIENT|/data/ucov/repro/commons-cli/Clients/NoraDing/syringa|/syringa-core/src/main/java/com/bilibili/syringa/core/client/optioninit.java(268:9)|/syringa-core/src/main/java/com/bilibili/syringa/core/client/optioninit.java(268:72)|org.apache.commons.cli.Options.addOption(java.lang.String,java.lang.String,boolean,java.lang.String)|SYMBOL_KIND_METHOD|SYMBOL_USE_INVOCATION
PLACEHOLDER_CLIENT_ID|CLIENT|/data/ucov/repro/commons-cli/Clients/NoraDing/syringa|/syringa-core/src/main/java/com/bilibili/syringa/core/client/optioninit.java(269:9)|/syringa-core/src/main/java/com/bilibili/syringa/core/client/optioninit.java(269:81)|org.apache.commons.cli.Options.addOption(java.lang.String,java.lang.String,boolean,java.lang.String)|SYMBOL_KIND_METHOD|SYMBOL_USE_INVOCATION
PLACEHOLDER_CLIENT_ID|CLIENT|/data/ucov/repro/commons-cli/Clients/NoraDing/syringa|/syringa-core/src/main/java/com/bilibili/syringa/core/client/optioninit.java(270:9)|/syringa-core/src/main/java/com/bilibili/syringa/core/client/optioninit.java(270:66)|org.apache.commons.cli.Options.addOption(java.lang.String,java.lang.String,boolean,java.lang.String)|SYMBOL_KIND_METHOD|SYMBOL_USE_INVOCATION
PLACEHOLDER_CLIENT_ID|CLIENT|/data/ucov/repro/commons-cli/Clients/NoraDing/syringa|/syringa-core/src/main/java/com/bilibili/syringa/core/client/optioninit.java(271:9)|/syringa-core/src/main/java/com/bilibili/syringa/core/client/optioninit.java(271:66)|org.apache.commons.cli.Options.addOption(java.lang.String,java.lang.String,boolean,java.lang.String)|SYMBOL_KIND_METHOD|SYMBOL_USE_INVOCATION
PLACEHOLDER_CLIENT_ID|CLIENT|/data/ucov/repro/commons-cli/Clients/NoraDing/syringa|/syringa-core/src/main/java/com/bilibili/syringa/core/client/optioninit.java(272:9)|/syringa-core/src/main/java/com/bilibili/syringa/core/client/optioninit.java(272:66)|org.apache.commons.cli.Options.addOption(java.lang.String,java.lang.String,boolean,java.lang.String)|SYMBOL_KIND_METHOD|SYMBOL_USE_INVOCATION
PLACEHOLDER_CLIENT_ID|CLIENT|/data/ucov/repro/commons-cli/Clients/NoraDing/syringa|/syringa-core/src/main/java/com/bilibili/syringa/core/client/optioninit.java(273:9)|/syringa-core/src/main/java/com/bilibili/syringa/core/client/optioninit.java(273:72)|org.apache.commons.cli.Options.addOption(java.lang.String,java.lang.String,boolean,java.lang.String)|SYMBOL_KIND_METHOD|SYMBOL_USE_INVOCATION
PLACEHOLDER_CLIENT_ID|CLIENT|/data/ucov/repro/commons-cli/Clients/NoraDing/syringa|/syringa-core/src/main/java/com/bilibili/syringa/core/client/optioninit.java(274:9)|/syringa-core/src/main/java/com/bilibili/syringa/core/client/optioninit.java(274:72)|org.apache.commons.cli.Options.addOption(java.lang.String,java.lang.String,boolean,java.lang.String)|SYMBOL_KIND_METHOD|SYMBOL_USE_INVOCATION
PLACEHOLDER_CLIENT_ID|CLIENT|/data/ucov/repro/commons-cli/Clients/NoraDing/syringa|/syringa-core/src/main/java/com/bilibili/syringa/core/client/optioninit.java(275:9)|/syringa-core/src/main/java/com/bilibili/syringa/core/client/optioninit.java(275:74)|org.apache.commons.cli.Options.addOption(java.lang.String,java.lang.String,boolean,java.lang.String)|SYMBOL_KIND_METHOD|SYMBOL_USE_INVOCATION
PLACEHOLDER_CLIENT_ID|CLIENT|/data/ucov/repro/commons-cli/Clients/NoraDing/syringa|/syringa-core/src/main/java/com/bilibili/syringa/core/client/optioninit.java(54:36)|/syringa-core/src/main/java/com/bilibili/syringa/core/client/optioninit.java(54:52)|org.apache.commons.cli.BasicParser()|SYMBOL_KIND_CONSTRUCTOR|SYMBOL_USE_INVOCATION
PLACEHOLDER_CLIENT_ID|CLIENT|/data/ucov/repro/commons-cli/Clients/NoraDing/syringa|/syringa-core/src/main/java/com/bilibili/syringa/core/client/optioninit.java(54:36)|/syringa-core/src/main/java/com/bilibili/syringa/core/client/optioninit.java(54:52)|org.apache.commons.cli.BasicParser|SYMBOL_KIND_CLASS|SYMBOL_USE_INSTANTIATION
PLACEHOLDER_CLIENT_ID|CLIENT|/data/ucov/repro/commons-cli/Clients/NoraDing/syringa|/syringa-core/src/main/java/com/bilibili/syringa/core/client/optioninit.java(54:40)|/syringa-core/src/main/java/com/bilibili/syringa/core/client/optioninit.java(54:50)|org.apache.commons.cli.BasicParser|SYMBOL_KIND_TYPE|SYMBOL_USE_TYPE_REFERENCE
PLACEHOLDER_CLIENT_ID|CLIENT|/data/ucov/repro/commons-cli/Clients/NoraDing/syringa|/syringa-core/src/main/java/com/bilibili/syringa/core/client/optioninit.java(54:9)|/syringa-core/src/main/java/com/bilibili/syringa/core/client/optioninit.java(54:25)|org.apache.commons.cli.CommandLineParser|SYMBOL_KIND_TYPE|SYMBOL_USE_TYPE_REFERENCE
PLACEHOLDER_CLIENT_ID|CLIENT|/data/ucov/repro/commons-cli/Clients/NoraDing/syringa|/syringa-core/src/main/java/com/bilibili/syringa/core/client/optioninit.java(56:9)|/syringa-core/src/main/java/com/bilibili/syringa/core/client/optioninit.java(56:15)|org.apache.commons.cli.Options|SYMBOL_KIND_TYPE|SYMBOL_USE_TYPE_REFERENCE
PLACEHOLDER_CLIENT_ID|CLIENT|/data/ucov/repro/commons-cli/Clients/NoraDing/syringa|/syringa-core/src/main/java/com/bilibili/syringa/core/client/optioninit.java(57:9)|/syringa-core/src/main/java/com/bilibili/syringa/core/client/optioninit.java(57:19)|org.apache.commons.cli.CommandLine|SYMBOL_KIND_TYPE|SYMBOL_USE_TYPE_REFERENCE
PLACEHOLDER_CLIENT_ID|CLIENT|/data/ucov/repro/commons-cli/Clients/NoraDing/syringa|/syringa-core/src/main/java/com/bilibili/syringa/core/client/optioninit.java(59:19)|/syringa-core/src/main/java/com/bilibili/syringa/core/client/optioninit.java(59:45)|org.apache.commons.cli.CommandLineParser.parse(org.apache.commons.cli.Options,java.lang.String[])|SYMBOL_KIND_METHOD|SYMBOL_USE_VIRTUAL_INVOCATION
PLACEHOLDER_CLIENT_ID|CLIENT|/data/ucov/repro/commons-cli/Clients/NoraDing/syringa|/syringa-core/src/main/java/com/bilibili/syringa/core/client/optioninit.java(60:27)|/syringa-core/src/main/java/com/bilibili/syringa/core/client/optioninit.java(60:52)|org.apache.commons.cli.CommandLine.getOptionValue(java.lang.String)|SYMBOL_KIND_METHOD|SYMBOL_USE_INVOCATION
PLACEHOLDER_CLIENT_ID|CLIENT|/data/ucov/repro/commons-cli/Clients/NoraDing/syringa|/syringa-core/src/main/java/com/bilibili/syringa/core/client/optioninit.java(61:31)|/syringa-core/src/main/java/com/bilibili/syringa/core/client/optioninit.java(61:59)|org.apache.commons.cli.CommandLine.getOptionValue(java.lang.String)|SYMBOL_KIND_METHOD|SYMBOL_USE_INVOCATION
PLACEHOLDER_CLIENT_ID|CLIENT|/data/ucov/repro/commons-cli/Clients/NoraDing/syringa|/syringa-core/src/main/java/com/bilibili/syringa/core/client/optioninit.java(62:34)|/syringa-core/src/main/java/com/bilibili/syringa/core/client/optioninit.java(62:66)|org.apache.commons.cli.CommandLine.getOptionValue(java.lang.String)|SYMBOL_KIND_METHOD|SYMBOL_USE_INVOCATION
PLACEHOLDER_CLIENT_ID|CLIENT|/data/ucov/repro/commons-cli/Clients/NoraDing/syringa|/syringa-core/src/main/java/com/bilibili/syringa/core/client/optioninit.java(63:27)|/syringa-core/src/main/java/com/bilibili/syringa/core/client/optioninit.java(63:52)|org.apache.commons.cli.CommandLine.getOptionValue(java.lang.String)|SYMBOL_KIND_METHOD|SYMBOL_USE_INVOCATION
PLACEHOLDER_CLIENT_ID|CLIENT|/data/ucov/repro/commons-cli/Clients/NoraDing/syringa|/syringa-core/src/main/java/com/bilibili/syringa/core/client/optioninit.java(64:29)|/syringa-core/src/main/java/com/bilibili/syringa/core/client/optioninit.java(64:56)|org.apache.commons.cli.CommandLine.getOptionValue(java.lang.String)|SYMBOL_KIND_METHOD|SYMBOL_USE_INVOCATION
PLACEHOLDER_CLIENT_ID|CLIENT|/data/ucov/repro/commons-cli/Clients/NoraDing/syringa|/syringa-core/src/main/java/com/bilibili/syringa/core/client/optioninit.java(65:30)|/syringa-core/src/main/java/com/bilibili/syringa/core/client/optioninit.java(65:68)|org.apache.commons.cli.CommandLine.getOptionValue(java.lang.String)|SYMBOL_KIND_METHOD|SYMBOL_USE_INVOCATION
PLACEHOLDER_CLIENT_ID|CLIENT|/data/ucov/repro/commons-cli/Clients/NoraDing/syringa|/syringa-core/src/main/java/com/bilibili/syringa/core/client/optioninit.java(66:33)|/syringa-core/src/main/java/com/bilibili/syringa/core/client/optioninit.java(66:64)|org.apache.commons.cli.CommandLine.getOptionValue(java.lang.String)|SYMBOL_KIND_METHOD|SYMBOL_USE_INVOCATION
PLACEHOLDER_CLIENT_ID|CLIENT|/data/ucov/repro/commons-cli/Clients/NoraDing/syringa|/syringa-core/src/main/java/com/bilibili/syringa/core/client/optioninit.java(67:35)|/syringa-core/src/main/java/com/bilibili/syringa/core/client/optioninit.java(67:68)|org.apache.commons.cli.CommandLine.getOptionValue(java.lang.String)|SYMBOL_KIND_METHOD|SYMBOL_USE_INVOCATION
PLACEHOLDER_CLIENT_ID|CLIENT|/data/ucov/repro/commons-cli/Clients/NoraDing/syringa|/syringa-core/src/main/java/com/bilibili/syringa/core/client/optioninit.java(68:35)|/syringa-core/src/main/java/com/bilibili/syringa/core/client/optioninit.java(68:68)|org.apache.commons.cli.CommandLine.getOptionValue(java.lang.String)|SYMBOL_KIND_METHOD|SYMBOL_USE_INVOCATION
PLACEHOLDER_CLIENT_ID|CLIENT|/data/ucov/repro/commons-cli/Clients/NoraDing/syringa|/syringa-core/src/main/java/com/bilibili/syringa/core/client/optioninit.java(69:36)|/syringa-core/src/main/java/com/bilibili/syringa/core/client/optioninit.java(69:70)|org.apache.commons.cli.CommandLine.getOptionValue(java.lang.String)|SYMBOL_KIND_METHOD|SYMBOL_USE_INVOCATION
PLACEHOLDER_CLIENT_ID|CLIENT|/data/ucov/repro/commons-cli/Clients/NoraDing/syringa|/syringa-core/src/main/java/com/bilibili/syringa/core/client/optioninit.java(70:36)|/syringa-core/src/main/java/com/bilibili/syringa/core/client/optioninit.java(70:70)|org.apache.commons.cli.CommandLine.getOptionValue(java.lang.String)|SYMBOL_KIND_METHOD|SYMBOL_USE_INVOCATION
PLACEHOLDER_CLIENT_ID|CLIENT|/data/ucov/repro/commons-cli/Clients/NoraDing/syringa|/syringa-core/src/main/java/com/bilibili/syringa/core/client/optioninit.java(71:38)|/syringa-core/src/main/java/com/bilibili/syringa/core/client/optioninit.java(71:74)|org.apache.commons.cli.CommandLine.getOptionValue(java.lang.String)|SYMBOL_KIND_METHOD|SYMBOL_USE_INVOCATION
