PLACEHOLDER_CLIENT_ID|CLIENT|/data/ucov/repro/commons-cli/Clients/sudoviz/openrasp|/agent/java/boot/src/main/java/com/baidu/openrasp/agent.java(43:13)|/agent/java/boot/src/main/java/com/baidu/openrasp/agent.java(43:19)|org.apache.commons.cli.Options|SYMBOL_KIND_TYPE|SYMBOL_USE_TYPE_REFERENCE
PLACEHOLDER_CLIENT_ID|CLIENT|/data/ucov/repro/commons-cli/Clients/sudoviz/openrasp|/agent/java/boot/src/main/java/com/baidu/openrasp/agent.java(43:31)|/agent/java/boot/src/main/java/com/baidu/openrasp/agent.java(43:43)|org.apache.commons.cli.Options()|SYMBOL_KIND_CONSTRUCTOR|SYMBOL_USE_INVOCATION
PLACEHOLDER_CLIENT_ID|CLIENT|/data/ucov/repro/commons-cli/Clients/sudoviz/openrasp|/agent/java/boot/src/main/java/com/baidu/openrasp/agent.java(43:31)|/agent/java/boot/src/main/java/com/baidu/openrasp/agent.java(43:43)|org.apache.commons.cli.Options|SYMBOL_KIND_CLASS|SYMBOL_USE_INSTANTIATION
PLACEHOLDER_CLIENT_ID|CLIENT|/data/ucov/repro/commons-cli/Clients/sudoviz/openrasp|/agent/java/boot/src/main/java/com/baidu/openrasp/agent.java(43:35)|/agent/java/boot/src/main/java/com/baidu/openrasp/agent.java(43:41)|org.apache.commons.cli.Options|SYMBOL_KIND_TYPE|SYMBOL_USE_TYPE_REFERENCE
PLACEHOLDER_CLIENT_ID|CLIENT|/data/ucov/repro/commons-cli/Clients/sudoviz/openrasp|/agent/java/boot/src/main/java/com/baidu/openrasp/agent.java(44:13)|/agent/java/boot/src/main/java/com/baidu/openrasp/agent.java(44:79)|org.apache.commons.cli.Options.addOption(java.lang.String,java.lang.String,boolean,java.lang.String)|SYMBOL_KIND_METHOD|SYMBOL_USE_INVOCATION
PLACEHOLDER_CLIENT_ID|CLIENT|/data/ucov/repro/commons-cli/Clients/sudoviz/openrasp|/agent/java/boot/src/main/java/com/baidu/openrasp/agent.java(45:13)|/agent/java/boot/src/main/java/com/baidu/openrasp/agent.java(45:82)|org.apache.commons.cli.Options.addOption(java.lang.String,java.lang.String,boolean,java.lang.String)|SYMBOL_KIND_METHOD|SYMBOL_USE_INVOCATION
PLACEHOLDER_CLIENT_ID|CLIENT|/data/ucov/repro/commons-cli/Clients/sudoviz/openrasp|/agent/java/boot/src/main/java/com/baidu/openrasp/agent.java(46:13)|/agent/java/boot/src/main/java/com/baidu/openrasp/agent.java(46:25)|org.apache.commons.cli.HelpFormatter|SYMBOL_KIND_TYPE|SYMBOL_USE_TYPE_REFERENCE
PLACEHOLDER_CLIENT_ID|CLIENT|/data/ucov/repro/commons-cli/Clients/sudoviz/openrasp|/agent/java/boot/src/main/java/com/baidu/openrasp/agent.java(46:43)|/agent/java/boot/src/main/java/com/baidu/openrasp/agent.java(46:61)|org.apache.commons.cli.HelpFormatter()|SYMBOL_KIND_CONSTRUCTOR|SYMBOL_USE_INVOCATION
PLACEHOLDER_CLIENT_ID|CLIENT|/data/ucov/repro/commons-cli/Clients/sudoviz/openrasp|/agent/java/boot/src/main/java/com/baidu/openrasp/agent.java(46:43)|/agent/java/boot/src/main/java/com/baidu/openrasp/agent.java(46:61)|org.apache.commons.cli.HelpFormatter|SYMBOL_KIND_CLASS|SYMBOL_USE_INSTANTIATION
PLACEHOLDER_CLIENT_ID|CLIENT|/data/ucov/repro/commons-cli/Clients/sudoviz/openrasp|/agent/java/boot/src/main/java/com/baidu/openrasp/agent.java(46:47)|/agent/java/boot/src/main/java/com/baidu/openrasp/agent.java(46:59)|org.apache.commons.cli.HelpFormatter|SYMBOL_KIND_TYPE|SYMBOL_USE_TYPE_REFERENCE
PLACEHOLDER_CLIENT_ID|CLIENT|/data/ucov/repro/commons-cli/Clients/sudoviz/openrasp|/agent/java/boot/src/main/java/com/baidu/openrasp/agent.java(47:13)|/agent/java/boot/src/main/java/com/baidu/openrasp/agent.java(47:29)|org.apache.commons.cli.CommandLineParser|SYMBOL_KIND_TYPE|SYMBOL_USE_TYPE_REFERENCE
PLACEHOLDER_CLIENT_ID|CLIENT|/data/ucov/repro/commons-cli/Clients/sudoviz/openrasp|/agent/java/boot/src/main/java/com/baidu/openrasp/agent.java(47:40)|/agent/java/boot/src/main/java/com/baidu/openrasp/agent.java(47:58)|org.apache.commons.cli.DefaultParser()|SYMBOL_KIND_CONSTRUCTOR|SYMBOL_USE_INVOCATION
PLACEHOLDER_CLIENT_ID|CLIENT|/data/ucov/repro/commons-cli/Clients/sudoviz/openrasp|/agent/java/boot/src/main/java/com/baidu/openrasp/agent.java(47:40)|/agent/java/boot/src/main/java/com/baidu/openrasp/agent.java(47:58)|org.apache.commons.cli.DefaultParser|SYMBOL_KIND_CLASS|SYMBOL_USE_INSTANTIATION
PLACEHOLDER_CLIENT_ID|CLIENT|/data/ucov/repro/commons-cli/Clients/sudoviz/openrasp|/agent/java/boot/src/main/java/com/baidu/openrasp/agent.java(47:44)|/agent/java/boot/src/main/java/com/baidu/openrasp/agent.java(47:56)|org.apache.commons.cli.DefaultParser|SYMBOL_KIND_TYPE|SYMBOL_USE_TYPE_REFERENCE
PLACEHOLDER_CLIENT_ID|CLIENT|/data/ucov/repro/commons-cli/Clients/sudoviz/openrasp|/agent/java/boot/src/main/java/com/baidu/openrasp/agent.java(48:13)|/agent/java/boot/src/main/java/com/baidu/openrasp/agent.java(48:23)|org.apache.commons.cli.CommandLine|SYMBOL_KIND_TYPE|SYMBOL_USE_TYPE_REFERENCE
PLACEHOLDER_CLIENT_ID|CLIENT|/data/ucov/repro/commons-cli/Clients/sudoviz/openrasp|/agent/java/boot/src/main/java/com/baidu/openrasp/agent.java(48:31)|/agent/java/boot/src/main/java/com/baidu/openrasp/agent.java(48:57)|org.apache.commons.cli.CommandLineParser.parse(org.apache.commons.cli.Options,java.lang.String[])|SYMBOL_KIND_METHOD|SYMBOL_USE_VIRTUAL_INVOCATION
PLACEHOLDER_CLIENT_ID|CLIENT|/data/ucov/repro/commons-cli/Clients/sudoviz/openrasp|/agent/java/boot/src/main/java/com/baidu/openrasp/agent.java(49:17)|/agent/java/boot/src/main/java/com/baidu/openrasp/agent.java(49:34)|org.apache.commons.cli.CommandLine.hasOption(java.lang.String)|SYMBOL_KIND_METHOD|SYMBOL_USE_INVOCATION
PLACEHOLDER_CLIENT_ID|CLIENT|/data/ucov/repro/commons-cli/Clients/sudoviz/openrasp|/agent/java/boot/src/main/java/com/baidu/openrasp/agent.java(54:24)|/agent/java/boot/src/main/java/com/baidu/openrasp/agent.java(54:41)|org.apache.commons.cli.CommandLine.hasOption(java.lang.String)|SYMBOL_KIND_METHOD|SYMBOL_USE_INVOCATION
PLACEHOLDER_CLIENT_ID|CLIENT|/data/ucov/repro/commons-cli/Clients/sudoviz/openrasp|/agent/java/boot/src/main/java/com/baidu/openrasp/agent.java(55:17)|/agent/java/boot/src/main/java/com/baidu/openrasp/agent.java(55:77)|org.apache.commons.cli.HelpFormatter.printHelp(java.lang.String,org.apache.commons.cli.Options,boolean)|SYMBOL_KIND_METHOD|SYMBOL_USE_INVOCATION
PLACEHOLDER_CLIENT_ID|CLIENT|/data/ucov/repro/commons-cli/Clients/sudoviz/openrasp|/agent/java/boot/src/main/java/com/baidu/openrasp/agent.java(57:17)|/agent/java/boot/src/main/java/com/baidu/openrasp/agent.java(57:77)|org.apache.commons.cli.HelpFormatter.printHelp(java.lang.String,org.apache.commons.cli.Options,boolean)|SYMBOL_KIND_METHOD|SYMBOL_USE_INVOCATION
PLACEHOLDER_CLIENT_ID|CLIENT|/data/ucov/repro/commons-cli/Clients/sudoviz/openrasp|/rasp-install/java/src/main/java/com/baidu/rasp/app.java(100:36)|/rasp-install/java/src/main/java/com/baidu/rasp/app.java(100:52)|org.apache.commons.cli.PosixParser()|SYMBOL_KIND_CONSTRUCTOR|SYMBOL_USE_INVOCATION
PLACEHOLDER_CLIENT_ID|CLIENT|/data/ucov/repro/commons-cli/Clients/sudoviz/openrasp|/rasp-install/java/src/main/java/com/baidu/rasp/app.java(100:36)|/rasp-install/java/src/main/java/com/baidu/rasp/app.java(100:52)|org.apache.commons.cli.PosixParser|SYMBOL_KIND_CLASS|SYMBOL_USE_INSTANTIATION
PLACEHOLDER_CLIENT_ID|CLIENT|/data/ucov/repro/commons-cli/Clients/sudoviz/openrasp|/rasp-install/java/src/main/java/com/baidu/rasp/app.java(100:40)|/rasp-install/java/src/main/java/com/baidu/rasp/app.java(100:50)|org.apache.commons.cli.PosixParser|SYMBOL_KIND_TYPE|SYMBOL_USE_TYPE_REFERENCE
PLACEHOLDER_CLIENT_ID|CLIENT|/data/ucov/repro/commons-cli/Clients/sudoviz/openrasp|/rasp-install/java/src/main/java/com/baidu/rasp/app.java(100:9)|/rasp-install/java/src/main/java/com/baidu/rasp/app.java(100:25)|org.apache.commons.cli.CommandLineParser|SYMBOL_KIND_TYPE|SYMBOL_USE_TYPE_REFERENCE
PLACEHOLDER_CLIENT_ID|CLIENT|/data/ucov/repro/commons-cli/Clients/sudoviz/openrasp|/rasp-install/java/src/main/java/com/baidu/rasp/app.java(101:27)|/rasp-install/java/src/main/java/com/baidu/rasp/app.java(101:53)|org.apache.commons.cli.CommandLineParser.parse(org.apache.commons.cli.Options,java.lang.String[])|SYMBOL_KIND_METHOD|SYMBOL_USE_VIRTUAL_INVOCATION
PLACEHOLDER_CLIENT_ID|CLIENT|/data/ucov/repro/commons-cli/Clients/sudoviz/openrasp|/rasp-install/java/src/main/java/com/baidu/rasp/app.java(101:9)|/rasp-install/java/src/main/java/com/baidu/rasp/app.java(101:19)|org.apache.commons.cli.CommandLine|SYMBOL_KIND_TYPE|SYMBOL_USE_TYPE_REFERENCE
PLACEHOLDER_CLIENT_ID|CLIENT|/data/ucov/repro/commons-cli/Clients/sudoviz/openrasp|/rasp-install/java/src/main/java/com/baidu/rasp/app.java(102:13)|/rasp-install/java/src/main/java/com/baidu/rasp/app.java(102:33)|org.apache.commons.cli.CommandLine.hasOption(java.lang.String)|SYMBOL_KIND_METHOD|SYMBOL_USE_INVOCATION
PLACEHOLDER_CLIENT_ID|CLIENT|/data/ucov/repro/commons-cli/Clients/sudoviz/openrasp|/rasp-install/java/src/main/java/com/baidu/rasp/app.java(102:38)|/rasp-install/java/src/main/java/com/baidu/rasp/app.java(102:55)|org.apache.commons.cli.CommandLine.hasOption(java.lang.String)|SYMBOL_KIND_METHOD|SYMBOL_USE_INVOCATION
PLACEHOLDER_CLIENT_ID|CLIENT|/data/ucov/repro/commons-cli/Clients/sudoviz/openrasp|/rasp-install/java/src/main/java/com/baidu/rasp/app.java(105:17)|/rasp-install/java/src/main/java/com/baidu/rasp/app.java(105:40)|org.apache.commons.cli.CommandLine.hasOption(java.lang.String)|SYMBOL_KIND_METHOD|SYMBOL_USE_INVOCATION
PLACEHOLDER_CLIENT_ID|CLIENT|/data/ucov/repro/commons-cli/Clients/sudoviz/openrasp|/rasp-install/java/src/main/java/com/baidu/rasp/app.java(105:45)|/rasp-install/java/src/main/java/com/baidu/rasp/app.java(105:70)|org.apache.commons.cli.CommandLine.hasOption(java.lang.String)|SYMBOL_KIND_METHOD|SYMBOL_USE_INVOCATION
PLACEHOLDER_CLIENT_ID|CLIENT|/data/ucov/repro/commons-cli/Clients/sudoviz/openrasp|/rasp-install/java/src/main/java/com/baidu/rasp/app.java(108:21)|/rasp-install/java/src/main/java/com/baidu/rasp/app.java(108:44)|org.apache.commons.cli.CommandLine.hasOption(java.lang.String)|SYMBOL_KIND_METHOD|SYMBOL_USE_INVOCATION
PLACEHOLDER_CLIENT_ID|CLIENT|/data/ucov/repro/commons-cli/Clients/sudoviz/openrasp|/rasp-install/java/src/main/java/com/baidu/rasp/app.java(109:31)|/rasp-install/java/src/main/java/com/baidu/rasp/app.java(109:59)|org.apache.commons.cli.CommandLine.getOptionValue(java.lang.String)|SYMBOL_KIND_METHOD|SYMBOL_USE_INVOCATION
PLACEHOLDER_CLIENT_ID|CLIENT|/data/ucov/repro/commons-cli/Clients/sudoviz/openrasp|/rasp-install/java/src/main/java/com/baidu/rasp/app.java(111:28)|/rasp-install/java/src/main/java/com/baidu/rasp/app.java(111:53)|org.apache.commons.cli.CommandLine.hasOption(java.lang.String)|SYMBOL_KIND_METHOD|SYMBOL_USE_INVOCATION
PLACEHOLDER_CLIENT_ID|CLIENT|/data/ucov/repro/commons-cli/Clients/sudoviz/openrasp|/rasp-install/java/src/main/java/com/baidu/rasp/app.java(112:31)|/rasp-install/java/src/main/java/com/baidu/rasp/app.java(112:61)|org.apache.commons.cli.CommandLine.getOptionValue(java.lang.String)|SYMBOL_KIND_METHOD|SYMBOL_USE_INVOCATION
PLACEHOLDER_CLIENT_ID|CLIENT|/data/ucov/repro/commons-cli/Clients/sudoviz/openrasp|/rasp-install/java/src/main/java/com/baidu/rasp/app.java(118:28)|/rasp-install/java/src/main/java/com/baidu/rasp/app.java(118:52)|org.apache.commons.cli.CommandLine.hasOption(java.lang.String)|SYMBOL_KIND_METHOD|SYMBOL_USE_INVOCATION
PLACEHOLDER_CLIENT_ID|CLIENT|/data/ucov/repro/commons-cli/Clients/sudoviz/openrasp|/rasp-install/java/src/main/java/com/baidu/rasp/app.java(119:37)|/rasp-install/java/src/main/java/com/baidu/rasp/app.java(119:58)|org.apache.commons.cli.CommandLine.hasOption(java.lang.String)|SYMBOL_KIND_METHOD|SYMBOL_USE_INVOCATION
PLACEHOLDER_CLIENT_ID|CLIENT|/data/ucov/repro/commons-cli/Clients/sudoviz/openrasp|/rasp-install/java/src/main/java/com/baidu/rasp/app.java(120:29)|/rasp-install/java/src/main/java/com/baidu/rasp/app.java(120:52)|org.apache.commons.cli.CommandLine.hasOption(java.lang.String)|SYMBOL_KIND_METHOD|SYMBOL_USE_INVOCATION
PLACEHOLDER_CLIENT_ID|CLIENT|/data/ucov/repro/commons-cli/Clients/sudoviz/openrasp|/rasp-install/java/src/main/java/com/baidu/rasp/app.java(122:21)|/rasp-install/java/src/main/java/com/baidu/rasp/app.java(122:40)|org.apache.commons.cli.CommandLine.hasOption(java.lang.String)|SYMBOL_KIND_METHOD|SYMBOL_USE_INVOCATION
PLACEHOLDER_CLIENT_ID|CLIENT|/data/ucov/repro/commons-cli/Clients/sudoviz/openrasp|/rasp-install/java/src/main/java/com/baidu/rasp/app.java(128:26)|/rasp-install/java/src/main/java/com/baidu/rasp/app.java(128:50)|org.apache.commons.cli.CommandLine.hasOption(java.lang.String)|SYMBOL_KIND_METHOD|SYMBOL_USE_INVOCATION
PLACEHOLDER_CLIENT_ID|CLIENT|/data/ucov/repro/commons-cli/Clients/sudoviz/openrasp|/rasp-install/java/src/main/java/com/baidu/rasp/app.java(129:21)|/rasp-install/java/src/main/java/com/baidu/rasp/app.java(129:47)|org.apache.commons.cli.CommandLine.getOptionValue(java.lang.String)|SYMBOL_KIND_METHOD|SYMBOL_USE_INVOCATION
PLACEHOLDER_CLIENT_ID|CLIENT|/data/ucov/repro/commons-cli/Clients/sudoviz/openrasp|/rasp-install/java/src/main/java/com/baidu/rasp/app.java(130:25)|/rasp-install/java/src/main/java/com/baidu/rasp/app.java(130:55)|org.apache.commons.cli.CommandLine.getOptionValue(java.lang.String)|SYMBOL_KIND_METHOD|SYMBOL_USE_INVOCATION
PLACEHOLDER_CLIENT_ID|CLIENT|/data/ucov/repro/commons-cli/Clients/sudoviz/openrasp|/rasp-install/java/src/main/java/com/baidu/rasp/app.java(131:17)|/rasp-install/java/src/main/java/com/baidu/rasp/app.java(131:42)|org.apache.commons.cli.CommandLine.hasOption(java.lang.String)|SYMBOL_KIND_METHOD|SYMBOL_USE_INVOCATION
PLACEHOLDER_CLIENT_ID|CLIENT|/data/ucov/repro/commons-cli/Clients/sudoviz/openrasp|/rasp-install/java/src/main/java/com/baidu/rasp/app.java(134:22)|/rasp-install/java/src/main/java/com/baidu/rasp/app.java(134:49)|org.apache.commons.cli.CommandLine.getOptionValue(java.lang.String)|SYMBOL_KIND_METHOD|SYMBOL_USE_INVOCATION
PLACEHOLDER_CLIENT_ID|CLIENT|/data/ucov/repro/commons-cli/Clients/sudoviz/openrasp|/rasp-install/java/src/main/java/com/baidu/rasp/app.java(135:19)|/rasp-install/java/src/main/java/com/baidu/rasp/app.java(135:50)|org.apache.commons.cli.CommandLine.getOptionValue(java.lang.String)|SYMBOL_KIND_METHOD|SYMBOL_USE_INVOCATION
PLACEHOLDER_CLIENT_ID|CLIENT|/data/ucov/repro/commons-cli/Clients/sudoviz/openrasp|/rasp-install/java/src/main/java/com/baidu/rasp/app.java(142:40)|/rasp-install/java/src/main/java/com/baidu/rasp/app.java(142:50)|org.apache.commons.cli.CommandLine|SYMBOL_KIND_TYPE|SYMBOL_USE_TYPE_REFERENCE
PLACEHOLDER_CLIENT_ID|CLIENT|/data/ucov/repro/commons-cli/Clients/sudoviz/openrasp|/rasp-install/java/src/main/java/com/baidu/rasp/app.java(144:37)|/rasp-install/java/src/main/java/com/baidu/rasp/app.java(144:61)|org.apache.commons.cli.CommandLine.getOptionValue(java.lang.String)|SYMBOL_KIND_METHOD|SYMBOL_USE_INVOCATION
PLACEHOLDER_CLIENT_ID|CLIENT|/data/ucov/repro/commons-cli/Clients/sudoviz/openrasp|/rasp-install/java/src/main/java/com/baidu/rasp/app.java(214:34)|/rasp-install/java/src/main/java/com/baidu/rasp/app.java(214:40)|org.apache.commons.cli.Options|SYMBOL_KIND_TYPE|SYMBOL_USE_TYPE_REFERENCE
PLACEHOLDER_CLIENT_ID|CLIENT|/data/ucov/repro/commons-cli/Clients/sudoviz/openrasp|/rasp-install/java/src/main/java/com/baidu/rasp/app.java(215:30)|/rasp-install/java/src/main/java/com/baidu/rasp/app.java(215:48)|org.apache.commons.cli.HelpFormatter()|SYMBOL_KIND_CONSTRUCTOR|SYMBOL_USE_INVOCATION
PLACEHOLDER_CLIENT_ID|CLIENT|/data/ucov/repro/commons-cli/Clients/sudoviz/openrasp|/rasp-install/java/src/main/java/com/baidu/rasp/app.java(215:30)|/rasp-install/java/src/main/java/com/baidu/rasp/app.java(215:48)|org.apache.commons.cli.HelpFormatter|SYMBOL_KIND_CLASS|SYMBOL_USE_INSTANTIATION
PLACEHOLDER_CLIENT_ID|CLIENT|/data/ucov/repro/commons-cli/Clients/sudoviz/openrasp|/rasp-install/java/src/main/java/com/baidu/rasp/app.java(215:34)|/rasp-install/java/src/main/java/com/baidu/rasp/app.java(215:46)|org.apache.commons.cli.HelpFormatter|SYMBOL_KIND_TYPE|SYMBOL_USE_TYPE_REFERENCE
PLACEHOLDER_CLIENT_ID|CLIENT|/data/ucov/repro/commons-cli/Clients/sudoviz/openrasp|/rasp-install/java/src/main/java/com/baidu/rasp/app.java(215:9)|/rasp-install/java/src/main/java/com/baidu/rasp/app.java(215:21)|org.apache.commons.cli.HelpFormatter|SYMBOL_KIND_TYPE|SYMBOL_USE_TYPE_REFERENCE
PLACEHOLDER_CLIENT_ID|CLIENT|/data/ucov/repro/commons-cli/Clients/sudoviz/openrasp|/rasp-install/java/src/main/java/com/baidu/rasp/app.java(216:9)|/rasp-install/java/src/main/java/com/baidu/rasp/app.java(216:58)|org.apache.commons.cli.HelpFormatter.printHelp(java.lang.String,org.apache.commons.cli.Options)|SYMBOL_KIND_METHOD|SYMBOL_USE_INVOCATION
PLACEHOLDER_CLIENT_ID|CLIENT|/data/ucov/repro/commons-cli/Clients/sudoviz/openrasp|/rasp-install/java/src/main/java/com/baidu/rasp/app.java(219:71)|/rasp-install/java/src/main/java/com/baidu/rasp/app.java(219:84)|org.apache.commons.cli.ParseException|SYMBOL_KIND_TYPE|SYMBOL_USE_TYPE_REFERENCE
PLACEHOLDER_CLIENT_ID|CLIENT|/data/ucov/repro/commons-cli/Clients/sudoviz/openrasp|/rasp-install/java/src/main/java/com/baidu/rasp/app.java(259:56)|/rasp-install/java/src/main/java/com/baidu/rasp/app.java(259:82)|org.apache.commons.cli.UnrecognizedOptionException|SYMBOL_KIND_TYPE|SYMBOL_USE_TYPE_REFERENCE
PLACEHOLDER_CLIENT_ID|CLIENT|/data/ucov/repro/commons-cli/Clients/sudoviz/openrasp|/rasp-install/java/src/main/java/com/baidu/rasp/app.java(83:58)|/rasp-install/java/src/main/java/com/baidu/rasp/app.java(83:71)|org.apache.commons.cli.ParseException|SYMBOL_KIND_TYPE|SYMBOL_USE_TYPE_REFERENCE
PLACEHOLDER_CLIENT_ID|CLIENT|/data/ucov/repro/commons-cli/Clients/sudoviz/openrasp|/rasp-install/java/src/main/java/com/baidu/rasp/app.java(84:27)|/rasp-install/java/src/main/java/com/baidu/rasp/app.java(84:39)|org.apache.commons.cli.Options()|SYMBOL_KIND_CONSTRUCTOR|SYMBOL_USE_INVOCATION
PLACEHOLDER_CLIENT_ID|CLIENT|/data/ucov/repro/commons-cli/Clients/sudoviz/openrasp|/rasp-install/java/src/main/java/com/baidu/rasp/app.java(84:27)|/rasp-install/java/src/main/java/com/baidu/rasp/app.java(84:39)|org.apache.commons.cli.Options|SYMBOL_KIND_CLASS|SYMBOL_USE_INSTANTIATION
PLACEHOLDER_CLIENT_ID|CLIENT|/data/ucov/repro/commons-cli/Clients/sudoviz/openrasp|/rasp-install/java/src/main/java/com/baidu/rasp/app.java(84:31)|/rasp-install/java/src/main/java/com/baidu/rasp/app.java(84:37)|org.apache.commons.cli.Options|SYMBOL_KIND_TYPE|SYMBOL_USE_TYPE_REFERENCE
PLACEHOLDER_CLIENT_ID|CLIENT|/data/ucov/repro/commons-cli/Clients/sudoviz/openrasp|/rasp-install/java/src/main/java/com/baidu/rasp/app.java(84:9)|/rasp-install/java/src/main/java/com/baidu/rasp/app.java(84:15)|org.apache.commons.cli.Options|SYMBOL_KIND_TYPE|SYMBOL_USE_TYPE_REFERENCE
PLACEHOLDER_CLIENT_ID|CLIENT|/data/ucov/repro/commons-cli/Clients/sudoviz/openrasp|/rasp-install/java/src/main/java/com/baidu/rasp/app.java(85:9)|/rasp-install/java/src/main/java/com/baidu/rasp/app.java(85:78)|org.apache.commons.cli.Options.addOption(java.lang.String,boolean,java.lang.String)|SYMBOL_KIND_METHOD|SYMBOL_USE_INVOCATION
PLACEHOLDER_CLIENT_ID|CLIENT|/data/ucov/repro/commons-cli/Clients/sudoviz/openrasp|/rasp-install/java/src/main/java/com/baidu/rasp/app.java(86:9)|/rasp-install/java/src/main/java/com/baidu/rasp/app.java(86:80)|org.apache.commons.cli.Options.addOption(java.lang.String,boolean,java.lang.String)|SYMBOL_KIND_METHOD|SYMBOL_USE_INVOCATION
PLACEHOLDER_CLIENT_ID|CLIENT|/data/ucov/repro/commons-cli/Clients/sudoviz/openrasp|/rasp-install/java/src/main/java/com/baidu/rasp/app.java(87:9)|/rasp-install/java/src/main/java/com/baidu/rasp/app.java(87:65)|org.apache.commons.cli.Options.addOption(java.lang.String,boolean,java.lang.String)|SYMBOL_KIND_METHOD|SYMBOL_USE_INVOCATION
PLACEHOLDER_CLIENT_ID|CLIENT|/data/ucov/repro/commons-cli/Clients/sudoviz/openrasp|/rasp-install/java/src/main/java/com/baidu/rasp/app.java(88:9)|/rasp-install/java/src/main/java/com/baidu/rasp/app.java(88:73)|org.apache.commons.cli.Options.addOption(java.lang.String,boolean,java.lang.String)|SYMBOL_KIND_METHOD|SYMBOL_USE_INVOCATION
PLACEHOLDER_CLIENT_ID|CLIENT|/data/ucov/repro/commons-cli/Clients/sudoviz/openrasp|/rasp-install/java/src/main/java/com/baidu/rasp/app.java(89:9)|/rasp-install/java/src/main/java/com/baidu/rasp/app.java(89:82)|org.apache.commons.cli.Options.addOption(java.lang.String,boolean,java.lang.String)|SYMBOL_KIND_METHOD|SYMBOL_USE_INVOCATION
PLACEHOLDER_CLIENT_ID|CLIENT|/data/ucov/repro/commons-cli/Clients/sudoviz/openrasp|/rasp-install/java/src/main/java/com/baidu/rasp/app.java(90:9)|/rasp-install/java/src/main/java/com/baidu/rasp/app.java(90:62)|org.apache.commons.cli.Options.addOption(java.lang.String,boolean,java.lang.String)|SYMBOL_KIND_METHOD|SYMBOL_USE_INVOCATION
PLACEHOLDER_CLIENT_ID|CLIENT|/data/ucov/repro/commons-cli/Clients/sudoviz/openrasp|/rasp-install/java/src/main/java/com/baidu/rasp/app.java(91:9)|/rasp-install/java/src/main/java/com/baidu/rasp/app.java(91:75)|org.apache.commons.cli.Options.addOption(java.lang.String,boolean,java.lang.String)|SYMBOL_KIND_METHOD|SYMBOL_USE_INVOCATION
PLACEHOLDER_CLIENT_ID|CLIENT|/data/ucov/repro/commons-cli/Clients/sudoviz/openrasp|/rasp-install/java/src/main/java/com/baidu/rasp/app.java(92:9)|/rasp-install/java/src/main/java/com/baidu/rasp/app.java(92:77)|org.apache.commons.cli.Options.addOption(java.lang.String,boolean,java.lang.String)|SYMBOL_KIND_METHOD|SYMBOL_USE_INVOCATION
PLACEHOLDER_CLIENT_ID|CLIENT|/data/ucov/repro/commons-cli/Clients/sudoviz/openrasp|/rasp-install/java/src/main/java/com/baidu/rasp/app.java(93:9)|/rasp-install/java/src/main/java/com/baidu/rasp/app.java(93:70)|org.apache.commons.cli.Options.addOption(java.lang.String,java.lang.String,boolean,java.lang.String)|SYMBOL_KIND_METHOD|SYMBOL_USE_INVOCATION
PLACEHOLDER_CLIENT_ID|CLIENT|/data/ucov/repro/commons-cli/Clients/sudoviz/openrasp|/rasp-install/java/src/main/java/com/baidu/rasp/app.java(94:9)|/rasp-install/java/src/main/java/com/baidu/rasp/app.java(94:83)|org.apache.commons.cli.Options.addOption(java.lang.String,boolean,java.lang.String)|SYMBOL_KIND_METHOD|SYMBOL_USE_INVOCATION
PLACEHOLDER_CLIENT_ID|CLIENT|/data/ucov/repro/commons-cli/Clients/sudoviz/openrasp|/rasp-install/java/src/main/java/com/baidu/rasp/app.java(95:9)|/rasp-install/java/src/main/java/com/baidu/rasp/app.java(96:70)|org.apache.commons.cli.Options.addOption(java.lang.String,boolean,java.lang.String)|SYMBOL_KIND_METHOD|SYMBOL_USE_INVOCATION
PLACEHOLDER_CLIENT_ID|CLIENT|/data/ucov/repro/commons-cli/Clients/sudoviz/openrasp|/rasp-install/java/src/main/java/com/baidu/rasp/app.java(97:9)|/rasp-install/java/src/main/java/com/baidu/rasp/app.java(97:79)|org.apache.commons.cli.Options.addOption(java.lang.String,boolean,java.lang.String)|SYMBOL_KIND_METHOD|SYMBOL_USE_INVOCATION
PLACEHOLDER_CLIENT_ID|CLIENT|/data/ucov/repro/commons-cli/Clients/sudoviz/openrasp|/rasp-install/java/src/main/java/com/baidu/rasp/app.java(98:9)|/rasp-install/java/src/main/java/com/baidu/rasp/app.java(98:79)|org.apache.commons.cli.Options.addOption(java.lang.String,boolean,java.lang.String)|SYMBOL_KIND_METHOD|SYMBOL_USE_INVOCATION
