PLACEHOLDER_CLIENT_ID|CLIENT|/data/ucov/repro/commons-cli/Clients/zhining-lu/netty-quic-proxy|/src/main/java/cn/wowspeeder/application.java(11:27)|/src/main/java/cn/wowspeeder/application.java(11:39)|org.apache.commons.cli.Options()|SYMBOL_KIND_CONSTRUCTOR|SYMBOL_USE_INVOCATION
PLACEHOLDER_CLIENT_ID|CLIENT|/data/ucov/repro/commons-cli/Clients/zhining-lu/netty-quic-proxy|/src/main/java/cn/wowspeeder/application.java(11:27)|/src/main/java/cn/wowspeeder/application.java(11:39)|org.apache.commons.cli.Options|SYMBOL_KIND_CLASS|SYMBOL_USE_INSTANTIATION
PLACEHOLDER_CLIENT_ID|CLIENT|/data/ucov/repro/commons-cli/Clients/zhining-lu/netty-quic-proxy|/src/main/java/cn/wowspeeder/application.java(11:31)|/src/main/java/cn/wowspeeder/application.java(11:37)|org.apache.commons.cli.Options|SYMBOL_KIND_TYPE|SYMBOL_USE_TYPE_REFERENCE
PLACEHOLDER_CLIENT_ID|CLIENT|/data/ucov/repro/commons-cli/Clients/zhining-lu/netty-quic-proxy|/src/main/java/cn/wowspeeder/application.java(11:9)|/src/main/java/cn/wowspeeder/application.java(11:15)|org.apache.commons.cli.Options|SYMBOL_KIND_TYPE|SYMBOL_USE_TYPE_REFERENCE
PLACEHOLDER_CLIENT_ID|CLIENT|/data/ucov/repro/commons-cli/Clients/zhining-lu/netty-quic-proxy|/src/main/java/cn/wowspeeder/application.java(12:25)|/src/main/java/cn/wowspeeder/application.java(12:81)|org.apache.commons.cli.Option(java.lang.String,java.lang.String,boolean,java.lang.String)|SYMBOL_KIND_CONSTRUCTOR|SYMBOL_USE_INVOCATION
PLACEHOLDER_CLIENT_ID|CLIENT|/data/ucov/repro/commons-cli/Clients/zhining-lu/netty-quic-proxy|/src/main/java/cn/wowspeeder/application.java(12:25)|/src/main/java/cn/wowspeeder/application.java(12:81)|org.apache.commons.cli.Option|SYMBOL_KIND_CLASS|SYMBOL_USE_INSTANTIATION
PLACEHOLDER_CLIENT_ID|CLIENT|/data/ucov/repro/commons-cli/Clients/zhining-lu/netty-quic-proxy|/src/main/java/cn/wowspeeder/application.java(12:29)|/src/main/java/cn/wowspeeder/application.java(12:34)|org.apache.commons.cli.Option|SYMBOL_KIND_TYPE|SYMBOL_USE_TYPE_REFERENCE
PLACEHOLDER_CLIENT_ID|CLIENT|/data/ucov/repro/commons-cli/Clients/zhining-lu/netty-quic-proxy|/src/main/java/cn/wowspeeder/application.java(12:9)|/src/main/java/cn/wowspeeder/application.java(12:14)|org.apache.commons.cli.Option|SYMBOL_KIND_TYPE|SYMBOL_USE_TYPE_REFERENCE
PLACEHOLDER_CLIENT_ID|CLIENT|/data/ucov/repro/commons-cli/Clients/zhining-lu/netty-quic-proxy|/src/main/java/cn/wowspeeder/application.java(13:9)|/src/main/java/cn/wowspeeder/application.java(13:34)|org.apache.commons.cli.Options.addOption(org.apache.commons.cli.Option)|SYMBOL_KIND_METHOD|SYMBOL_USE_INVOCATION
PLACEHOLDER_CLIENT_ID|CLIENT|/data/ucov/repro/commons-cli/Clients/zhining-lu/netty-quic-proxy|/src/main/java/cn/wowspeeder/application.java(15:18)|/src/main/java/cn/wowspeeder/application.java(15:75)|org.apache.commons.cli.Option(java.lang.String,java.lang.String,boolean,java.lang.String)|SYMBOL_KIND_CONSTRUCTOR|SYMBOL_USE_INVOCATION
PLACEHOLDER_CLIENT_ID|CLIENT|/data/ucov/repro/commons-cli/Clients/zhining-lu/netty-quic-proxy|/src/main/java/cn/wowspeeder/application.java(15:18)|/src/main/java/cn/wowspeeder/application.java(15:75)|org.apache.commons.cli.Option|SYMBOL_KIND_CLASS|SYMBOL_USE_INSTANTIATION
PLACEHOLDER_CLIENT_ID|CLIENT|/data/ucov/repro/commons-cli/Clients/zhining-lu/netty-quic-proxy|/src/main/java/cn/wowspeeder/application.java(15:22)|/src/main/java/cn/wowspeeder/application.java(15:27)|org.apache.commons.cli.Option|SYMBOL_KIND_TYPE|SYMBOL_USE_TYPE_REFERENCE
PLACEHOLDER_CLIENT_ID|CLIENT|/data/ucov/repro/commons-cli/Clients/zhining-lu/netty-quic-proxy|/src/main/java/cn/wowspeeder/application.java(16:9)|/src/main/java/cn/wowspeeder/application.java(16:34)|org.apache.commons.cli.Options.addOption(org.apache.commons.cli.Option)|SYMBOL_KIND_METHOD|SYMBOL_USE_INVOCATION
PLACEHOLDER_CLIENT_ID|CLIENT|/data/ucov/repro/commons-cli/Clients/zhining-lu/netty-quic-proxy|/src/main/java/cn/wowspeeder/application.java(18:18)|/src/main/java/cn/wowspeeder/application.java(18:96)|org.apache.commons.cli.Option(java.lang.String,java.lang.String,boolean,java.lang.String)|SYMBOL_KIND_CONSTRUCTOR|SYMBOL_USE_INVOCATION
PLACEHOLDER_CLIENT_ID|CLIENT|/data/ucov/repro/commons-cli/Clients/zhining-lu/netty-quic-proxy|/src/main/java/cn/wowspeeder/application.java(18:18)|/src/main/java/cn/wowspeeder/application.java(18:96)|org.apache.commons.cli.Option|SYMBOL_KIND_CLASS|SYMBOL_USE_INSTANTIATION
PLACEHOLDER_CLIENT_ID|CLIENT|/data/ucov/repro/commons-cli/Clients/zhining-lu/netty-quic-proxy|/src/main/java/cn/wowspeeder/application.java(18:22)|/src/main/java/cn/wowspeeder/application.java(18:27)|org.apache.commons.cli.Option|SYMBOL_KIND_TYPE|SYMBOL_USE_TYPE_REFERENCE
PLACEHOLDER_CLIENT_ID|CLIENT|/data/ucov/repro/commons-cli/Clients/zhining-lu/netty-quic-proxy|/src/main/java/cn/wowspeeder/application.java(19:9)|/src/main/java/cn/wowspeeder/application.java(19:34)|org.apache.commons.cli.Options.addOption(org.apache.commons.cli.Option)|SYMBOL_KIND_METHOD|SYMBOL_USE_INVOCATION
PLACEHOLDER_CLIENT_ID|CLIENT|/data/ucov/repro/commons-cli/Clients/zhining-lu/netty-quic-proxy|/src/main/java/cn/wowspeeder/application.java(21:36)|/src/main/java/cn/wowspeeder/application.java(21:54)|org.apache.commons.cli.DefaultParser()|SYMBOL_KIND_CONSTRUCTOR|SYMBOL_USE_INVOCATION
PLACEHOLDER_CLIENT_ID|CLIENT|/data/ucov/repro/commons-cli/Clients/zhining-lu/netty-quic-proxy|/src/main/java/cn/wowspeeder/application.java(21:36)|/src/main/java/cn/wowspeeder/application.java(21:54)|org.apache.commons.cli.DefaultParser|SYMBOL_KIND_CLASS|SYMBOL_USE_INSTANTIATION
PLACEHOLDER_CLIENT_ID|CLIENT|/data/ucov/repro/commons-cli/Clients/zhining-lu/netty-quic-proxy|/src/main/java/cn/wowspeeder/application.java(21:40)|/src/main/java/cn/wowspeeder/application.java(21:52)|org.apache.commons.cli.DefaultParser|SYMBOL_KIND_TYPE|SYMBOL_USE_TYPE_REFERENCE
PLACEHOLDER_CLIENT_ID|CLIENT|/data/ucov/repro/commons-cli/Clients/zhining-lu/netty-quic-proxy|/src/main/java/cn/wowspeeder/application.java(21:9)|/src/main/java/cn/wowspeeder/application.java(21:25)|org.apache.commons.cli.CommandLineParser|SYMBOL_KIND_TYPE|SYMBOL_USE_TYPE_REFERENCE
PLACEHOLDER_CLIENT_ID|CLIENT|/data/ucov/repro/commons-cli/Clients/zhining-lu/netty-quic-proxy|/src/main/java/cn/wowspeeder/application.java(22:35)|/src/main/java/cn/wowspeeder/application.java(22:61)|org.apache.commons.cli.CommandLineParser.parse(org.apache.commons.cli.Options,java.lang.String[])|SYMBOL_KIND_METHOD|SYMBOL_USE_VIRTUAL_INVOCATION
PLACEHOLDER_CLIENT_ID|CLIENT|/data/ucov/repro/commons-cli/Clients/zhining-lu/netty-quic-proxy|/src/main/java/cn/wowspeeder/application.java(22:9)|/src/main/java/cn/wowspeeder/application.java(22:19)|org.apache.commons.cli.CommandLine|SYMBOL_KIND_TYPE|SYMBOL_USE_TYPE_REFERENCE
PLACEHOLDER_CLIENT_ID|CLIENT|/data/ucov/repro/commons-cli/Clients/zhining-lu/netty-quic-proxy|/src/main/java/cn/wowspeeder/application.java(24:29)|/src/main/java/cn/wowspeeder/application.java(24:82)|org.apache.commons.cli.CommandLine.getOptionValue(java.lang.String,java.lang.String)|SYMBOL_KIND_METHOD|SYMBOL_USE_INVOCATION
PLACEHOLDER_CLIENT_ID|CLIENT|/data/ucov/repro/commons-cli/Clients/zhining-lu/netty-quic-proxy|/src/main/java/cn/wowspeeder/application.java(28:17)|/src/main/java/cn/wowspeeder/application.java(28:42)|org.apache.commons.cli.CommandLine.hasOption(java.lang.String)|SYMBOL_KIND_METHOD|SYMBOL_USE_INVOCATION
PLACEHOLDER_CLIENT_ID|CLIENT|/data/ucov/repro/commons-cli/Clients/zhining-lu/netty-quic-proxy|/src/main/java/cn/wowspeeder/application.java(31:24)|/src/main/java/cn/wowspeeder/application.java(31:49)|org.apache.commons.cli.CommandLine.hasOption(java.lang.String)|SYMBOL_KIND_METHOD|SYMBOL_USE_INVOCATION
