PLACEHOLDER_CLIENT_ID|CLIENT|/data/ucov/repro/spark/Clients/bcs4313/WebCheckers-Project-Archived|/src/main/java/com/webcheckers/application.java(92:11)|/src/main/java/com/webcheckers/application.java(92:24)|spark.TemplateEngine|SYMBOL_KIND_TYPE|SYMBOL_USE_TYPE_REFERENCE
PLACEHOLDER_CLIENT_ID|CLIENT|/data/ucov/repro/spark/Clients/bcs4313/WebCheckers-Project-Archived|/src/main/java/com/webcheckers/ui/getgameroute.java(125:25)|/src/main/java/com/webcheckers/ui/getgameroute.java(125:62)|spark.Response.redirect(java.lang.String)|SYMBOL_KIND_METHOD|SYMBOL_USE_INVOCATION
PLACEHOLDER_CLIENT_ID|CLIENT|/data/ucov/repro/spark/Clients/bcs4313/WebCheckers-Project-Archived|/src/main/java/com/webcheckers/ui/getgameroute.java(148:13)|/src/main/java/com/webcheckers/ui/getgameroute.java(148:66)|spark.Session.attribute(java.lang.String,java.lang.Object)|SYMBOL_KIND_METHOD|SYMBOL_USE_INVOCATION
PLACEHOLDER_CLIENT_ID|CLIENT|/data/ucov/repro/spark/Clients/bcs4313/WebCheckers-Project-Archived|/src/main/java/com/webcheckers/ui/getgameroute.java(155:17)|/src/main/java/com/webcheckers/ui/getgameroute.java(155:65)|spark.Session.attribute(java.lang.String,java.lang.Object)|SYMBOL_KIND_METHOD|SYMBOL_USE_INVOCATION
PLACEHOLDER_CLIENT_ID|CLIENT|/data/ucov/repro/spark/Clients/bcs4313/WebCheckers-Project-Archived|/src/main/java/com/webcheckers/ui/getgameroute.java(156:17)|/src/main/java/com/webcheckers/ui/getgameroute.java(156:54)|spark.Response.redirect(java.lang.String)|SYMBOL_KIND_METHOD|SYMBOL_USE_INVOCATION
PLACEHOLDER_CLIENT_ID|CLIENT|/data/ucov/repro/spark/Clients/bcs4313/WebCheckers-Project-Archived|/src/main/java/com/webcheckers/ui/getgameroute.java(159:17)|/src/main/java/com/webcheckers/ui/getgameroute.java(159:65)|spark.Session.attribute(java.lang.String,java.lang.Object)|SYMBOL_KIND_METHOD|SYMBOL_USE_INVOCATION
PLACEHOLDER_CLIENT_ID|CLIENT|/data/ucov/repro/spark/Clients/bcs4313/WebCheckers-Project-Archived|/src/main/java/com/webcheckers/ui/getgameroute.java(160:17)|/src/main/java/com/webcheckers/ui/getgameroute.java(160:54)|spark.Response.redirect(java.lang.String)|SYMBOL_KIND_METHOD|SYMBOL_USE_INVOCATION
PLACEHOLDER_CLIENT_ID|CLIENT|/data/ucov/repro/spark/Clients/bcs4313/WebCheckers-Project-Archived|/src/main/java/com/webcheckers/ui/getgameroute.java(187:17)|/src/main/java/com/webcheckers/ui/getgameroute.java(187:70)|spark.Session.attribute(java.lang.String,java.lang.Object)|SYMBOL_KIND_METHOD|SYMBOL_USE_INVOCATION
PLACEHOLDER_CLIENT_ID|CLIENT|/data/ucov/repro/spark/Clients/bcs4313/WebCheckers-Project-Archived|/src/main/java/com/webcheckers/ui/getgameroute.java(193:16)|/src/main/java/com/webcheckers/ui/getgameroute.java(193:69)|spark.TemplateEngine.render(spark.ModelAndView)|SYMBOL_KIND_METHOD|SYMBOL_USE_VIRTUAL_INVOCATION
PLACEHOLDER_CLIENT_ID|CLIENT|/data/ucov/repro/spark/Clients/bcs4313/WebCheckers-Project-Archived|/src/main/java/com/webcheckers/ui/getgameroute.java(193:38)|/src/main/java/com/webcheckers/ui/getgameroute.java(193:68)|spark.ModelAndView(java.lang.Object,java.lang.String)|SYMBOL_KIND_CONSTRUCTOR|SYMBOL_USE_INVOCATION
PLACEHOLDER_CLIENT_ID|CLIENT|/data/ucov/repro/spark/Clients/bcs4313/WebCheckers-Project-Archived|/src/main/java/com/webcheckers/ui/getgameroute.java(193:38)|/src/main/java/com/webcheckers/ui/getgameroute.java(193:68)|spark.ModelAndView|SYMBOL_KIND_CLASS|SYMBOL_USE_INSTANTIATION
PLACEHOLDER_CLIENT_ID|CLIENT|/data/ucov/repro/spark/Clients/bcs4313/WebCheckers-Project-Archived|/src/main/java/com/webcheckers/ui/getgameroute.java(193:42)|/src/main/java/com/webcheckers/ui/getgameroute.java(193:53)|spark.ModelAndView|SYMBOL_KIND_TYPE|SYMBOL_USE_TYPE_REFERENCE
PLACEHOLDER_CLIENT_ID|CLIENT|/data/ucov/repro/spark/Clients/bcs4313/WebCheckers-Project-Archived|/src/main/java/com/webcheckers/ui/getgameroute.java(22:14)|/src/main/java/com/webcheckers/ui/getgameroute.java(195:1)|spark.Route|SYMBOL_KIND_INTERFACE|SYMBOL_USE_IMPLEMENTATION
PLACEHOLDER_CLIENT_ID|CLIENT|/data/ucov/repro/spark/Clients/bcs4313/WebCheckers-Project-Archived|/src/main/java/com/webcheckers/ui/getgameroute.java(22:38)|/src/main/java/com/webcheckers/ui/getgameroute.java(22:42)|spark.Route|SYMBOL_KIND_TYPE|SYMBOL_USE_TYPE_REFERENCE
PLACEHOLDER_CLIENT_ID|CLIENT|/data/ucov/repro/spark/Clients/bcs4313/WebCheckers-Project-Archived|/src/main/java/com/webcheckers/ui/getgameroute.java(43:19)|/src/main/java/com/webcheckers/ui/getgameroute.java(43:32)|spark.TemplateEngine|SYMBOL_KIND_TYPE|SYMBOL_USE_TYPE_REFERENCE
PLACEHOLDER_CLIENT_ID|CLIENT|/data/ucov/repro/spark/Clients/bcs4313/WebCheckers-Project-Archived|/src/main/java/com/webcheckers/ui/getgameroute.java(56:31)|/src/main/java/com/webcheckers/ui/getgameroute.java(56:44)|spark.TemplateEngine|SYMBOL_KIND_TYPE|SYMBOL_USE_TYPE_REFERENCE
PLACEHOLDER_CLIENT_ID|CLIENT|/data/ucov/repro/spark/Clients/bcs4313/WebCheckers-Project-Archived|/src/main/java/com/webcheckers/ui/getgameroute.java(77:19)|/src/main/java/com/webcheckers/ui/getgameroute.java(194:5)|spark.Route.handle(spark.Request,spark.Response)|SYMBOL_KIND_METHOD|SYMBOL_USE_OVERRIDING
PLACEHOLDER_CLIENT_ID|CLIENT|/data/ucov/repro/spark/Clients/bcs4313/WebCheckers-Project-Archived|/src/main/java/com/webcheckers/ui/getgameroute.java(77:26)|/src/main/java/com/webcheckers/ui/getgameroute.java(77:32)|spark.Request|SYMBOL_KIND_TYPE|SYMBOL_USE_TYPE_REFERENCE
PLACEHOLDER_CLIENT_ID|CLIENT|/data/ucov/repro/spark/Clients/bcs4313/WebCheckers-Project-Archived|/src/main/java/com/webcheckers/ui/getgameroute.java(77:43)|/src/main/java/com/webcheckers/ui/getgameroute.java(77:50)|spark.Response|SYMBOL_KIND_TYPE|SYMBOL_USE_TYPE_REFERENCE
PLACEHOLDER_CLIENT_ID|CLIENT|/data/ucov/repro/spark/Clients/bcs4313/WebCheckers-Project-Archived|/src/main/java/com/webcheckers/ui/getgameroute.java(81:15)|/src/main/java/com/webcheckers/ui/getgameroute.java(81:21)|spark.Session|SYMBOL_KIND_TYPE|SYMBOL_USE_TYPE_REFERENCE
PLACEHOLDER_CLIENT_ID|CLIENT|/data/ucov/repro/spark/Clients/bcs4313/WebCheckers-Project-Archived|/src/main/java/com/webcheckers/ui/getgameroute.java(81:33)|/src/main/java/com/webcheckers/ui/getgameroute.java(81:49)|spark.Request.session()|SYMBOL_KIND_METHOD|SYMBOL_USE_INVOCATION
PLACEHOLDER_CLIENT_ID|CLIENT|/data/ucov/repro/spark/Clients/bcs4313/WebCheckers-Project-Archived|/src/main/java/com/webcheckers/ui/getgameroute.java(85:33)|/src/main/java/com/webcheckers/ui/getgameroute.java(85:61)|spark.Request.queryParams(java.lang.String)|SYMBOL_KIND_METHOD|SYMBOL_USE_INVOCATION
PLACEHOLDER_CLIENT_ID|CLIENT|/data/ucov/repro/spark/Clients/bcs4313/WebCheckers-Project-Archived|/src/main/java/com/webcheckers/ui/getgameroute.java(86:27)|/src/main/java/com/webcheckers/ui/getgameroute.java(86:43)|spark.Request.session()|SYMBOL_KIND_METHOD|SYMBOL_USE_INVOCATION
PLACEHOLDER_CLIENT_ID|CLIENT|/data/ucov/repro/spark/Clients/bcs4313/WebCheckers-Project-Archived|/src/main/java/com/webcheckers/ui/getgameroute.java(86:27)|/src/main/java/com/webcheckers/ui/getgameroute.java(86:81)|spark.Session.attribute(java.lang.String)|SYMBOL_KIND_METHOD|SYMBOL_USE_INVOCATION
PLACEHOLDER_CLIENT_ID|CLIENT|/data/ucov/repro/spark/Clients/bcs4313/WebCheckers-Project-Archived|/src/main/java/com/webcheckers/ui/gethomeroute.java(112:21)|/src/main/java/com/webcheckers/ui/gethomeroute.java(112:37)|spark.Request.session()|SYMBOL_KIND_METHOD|SYMBOL_USE_INVOCATION
PLACEHOLDER_CLIENT_ID|CLIENT|/data/ucov/repro/spark/Clients/bcs4313/WebCheckers-Project-Archived|/src/main/java/com/webcheckers/ui/gethomeroute.java(112:21)|/src/main/java/com/webcheckers/ui/gethomeroute.java(112:59)|spark.Session.attribute(java.lang.String)|SYMBOL_KIND_METHOD|SYMBOL_USE_INVOCATION
PLACEHOLDER_CLIENT_ID|CLIENT|/data/ucov/repro/spark/Clients/bcs4313/WebCheckers-Project-Archived|/src/main/java/com/webcheckers/ui/gethomeroute.java(129:12)|/src/main/java/com/webcheckers/ui/gethomeroute.java(129:66)|spark.TemplateEngine.render(spark.ModelAndView)|SYMBOL_KIND_METHOD|SYMBOL_USE_VIRTUAL_INVOCATION
PLACEHOLDER_CLIENT_ID|CLIENT|/data/ucov/repro/spark/Clients/bcs4313/WebCheckers-Project-Archived|/src/main/java/com/webcheckers/ui/gethomeroute.java(129:34)|/src/main/java/com/webcheckers/ui/gethomeroute.java(129:65)|spark.ModelAndView(java.lang.Object,java.lang.String)|SYMBOL_KIND_CONSTRUCTOR|SYMBOL_USE_INVOCATION
PLACEHOLDER_CLIENT_ID|CLIENT|/data/ucov/repro/spark/Clients/bcs4313/WebCheckers-Project-Archived|/src/main/java/com/webcheckers/ui/gethomeroute.java(129:34)|/src/main/java/com/webcheckers/ui/gethomeroute.java(129:65)|spark.ModelAndView|SYMBOL_KIND_CLASS|SYMBOL_USE_INSTANTIATION
PLACEHOLDER_CLIENT_ID|CLIENT|/data/ucov/repro/spark/Clients/bcs4313/WebCheckers-Project-Archived|/src/main/java/com/webcheckers/ui/gethomeroute.java(129:38)|/src/main/java/com/webcheckers/ui/gethomeroute.java(129:49)|spark.ModelAndView|SYMBOL_KIND_TYPE|SYMBOL_USE_TYPE_REFERENCE
PLACEHOLDER_CLIENT_ID|CLIENT|/data/ucov/repro/spark/Clients/bcs4313/WebCheckers-Project-Archived|/src/main/java/com/webcheckers/ui/gethomeroute.java(18:14)|/src/main/java/com/webcheckers/ui/gethomeroute.java(131:1)|spark.Route|SYMBOL_KIND_INTERFACE|SYMBOL_USE_IMPLEMENTATION
PLACEHOLDER_CLIENT_ID|CLIENT|/data/ucov/repro/spark/Clients/bcs4313/WebCheckers-Project-Archived|/src/main/java/com/webcheckers/ui/gethomeroute.java(18:38)|/src/main/java/com/webcheckers/ui/gethomeroute.java(18:42)|spark.Route|SYMBOL_KIND_TYPE|SYMBOL_USE_TYPE_REFERENCE
PLACEHOLDER_CLIENT_ID|CLIENT|/data/ucov/repro/spark/Clients/bcs4313/WebCheckers-Project-Archived|/src/main/java/com/webcheckers/ui/gethomeroute.java(34:17)|/src/main/java/com/webcheckers/ui/gethomeroute.java(34:30)|spark.TemplateEngine|SYMBOL_KIND_TYPE|SYMBOL_USE_TYPE_REFERENCE
PLACEHOLDER_CLIENT_ID|CLIENT|/data/ucov/repro/spark/Clients/bcs4313/WebCheckers-Project-Archived|/src/main/java/com/webcheckers/ui/gethomeroute.java(47:29)|/src/main/java/com/webcheckers/ui/gethomeroute.java(47:42)|spark.TemplateEngine|SYMBOL_KIND_TYPE|SYMBOL_USE_TYPE_REFERENCE
PLACEHOLDER_CLIENT_ID|CLIENT|/data/ucov/repro/spark/Clients/bcs4313/WebCheckers-Project-Archived|/src/main/java/com/webcheckers/ui/gethomeroute.java(67:17)|/src/main/java/com/webcheckers/ui/gethomeroute.java(130:3)|spark.Route.handle(spark.Request,spark.Response)|SYMBOL_KIND_METHOD|SYMBOL_USE_OVERRIDING
PLACEHOLDER_CLIENT_ID|CLIENT|/data/ucov/repro/spark/Clients/bcs4313/WebCheckers-Project-Archived|/src/main/java/com/webcheckers/ui/gethomeroute.java(67:24)|/src/main/java/com/webcheckers/ui/gethomeroute.java(67:30)|spark.Request|SYMBOL_KIND_TYPE|SYMBOL_USE_TYPE_REFERENCE
PLACEHOLDER_CLIENT_ID|CLIENT|/data/ucov/repro/spark/Clients/bcs4313/WebCheckers-Project-Archived|/src/main/java/com/webcheckers/ui/gethomeroute.java(67:41)|/src/main/java/com/webcheckers/ui/gethomeroute.java(67:48)|spark.Response|SYMBOL_KIND_TYPE|SYMBOL_USE_TYPE_REFERENCE
PLACEHOLDER_CLIENT_ID|CLIENT|/data/ucov/repro/spark/Clients/bcs4313/WebCheckers-Project-Archived|/src/main/java/com/webcheckers/ui/gethomeroute.java(85:23)|/src/main/java/com/webcheckers/ui/gethomeroute.java(85:39)|spark.Request.session()|SYMBOL_KIND_METHOD|SYMBOL_USE_INVOCATION
PLACEHOLDER_CLIENT_ID|CLIENT|/data/ucov/repro/spark/Clients/bcs4313/WebCheckers-Project-Archived|/src/main/java/com/webcheckers/ui/gethomeroute.java(85:23)|/src/main/java/com/webcheckers/ui/gethomeroute.java(85:64)|spark.Session.attribute(java.lang.String)|SYMBOL_KIND_METHOD|SYMBOL_USE_INVOCATION
PLACEHOLDER_CLIENT_ID|CLIENT|/data/ucov/repro/spark/Clients/bcs4313/WebCheckers-Project-Archived|/src/main/java/com/webcheckers/ui/gethomeroute.java(90:9)|/src/main/java/com/webcheckers/ui/gethomeroute.java(90:46)|spark.Response.redirect(java.lang.String)|SYMBOL_KIND_METHOD|SYMBOL_USE_INVOCATION
PLACEHOLDER_CLIENT_ID|CLIENT|/data/ucov/repro/spark/Clients/bcs4313/WebCheckers-Project-Archived|/src/main/java/com/webcheckers/ui/getsigninroute.java(18:14)|/src/main/java/com/webcheckers/ui/getsigninroute.java(69:1)|spark.Route|SYMBOL_KIND_INTERFACE|SYMBOL_USE_IMPLEMENTATION
PLACEHOLDER_CLIENT_ID|CLIENT|/data/ucov/repro/spark/Clients/bcs4313/WebCheckers-Project-Archived|/src/main/java/com/webcheckers/ui/getsigninroute.java(18:40)|/src/main/java/com/webcheckers/ui/getsigninroute.java(18:44)|spark.Route|SYMBOL_KIND_TYPE|SYMBOL_USE_TYPE_REFERENCE
PLACEHOLDER_CLIENT_ID|CLIENT|/data/ucov/repro/spark/Clients/bcs4313/WebCheckers-Project-Archived|/src/main/java/com/webcheckers/ui/getsigninroute.java(25:19)|/src/main/java/com/webcheckers/ui/getsigninroute.java(25:32)|spark.TemplateEngine|SYMBOL_KIND_TYPE|SYMBOL_USE_TYPE_REFERENCE
PLACEHOLDER_CLIENT_ID|CLIENT|/data/ucov/repro/spark/Clients/bcs4313/WebCheckers-Project-Archived|/src/main/java/com/webcheckers/ui/getsigninroute.java(34:33)|/src/main/java/com/webcheckers/ui/getsigninroute.java(34:46)|spark.TemplateEngine|SYMBOL_KIND_TYPE|SYMBOL_USE_TYPE_REFERENCE
PLACEHOLDER_CLIENT_ID|CLIENT|/data/ucov/repro/spark/Clients/bcs4313/WebCheckers-Project-Archived|/src/main/java/com/webcheckers/ui/getsigninroute.java(53:19)|/src/main/java/com/webcheckers/ui/getsigninroute.java(68:5)|spark.Route.handle(spark.Request,spark.Response)|SYMBOL_KIND_METHOD|SYMBOL_USE_OVERRIDING
PLACEHOLDER_CLIENT_ID|CLIENT|/data/ucov/repro/spark/Clients/bcs4313/WebCheckers-Project-Archived|/src/main/java/com/webcheckers/ui/getsigninroute.java(53:26)|/src/main/java/com/webcheckers/ui/getsigninroute.java(53:32)|spark.Request|SYMBOL_KIND_TYPE|SYMBOL_USE_TYPE_REFERENCE
PLACEHOLDER_CLIENT_ID|CLIENT|/data/ucov/repro/spark/Clients/bcs4313/WebCheckers-Project-Archived|/src/main/java/com/webcheckers/ui/getsigninroute.java(53:43)|/src/main/java/com/webcheckers/ui/getsigninroute.java(53:50)|spark.Response|SYMBOL_KIND_TYPE|SYMBOL_USE_TYPE_REFERENCE
PLACEHOLDER_CLIENT_ID|CLIENT|/data/ucov/repro/spark/Clients/bcs4313/WebCheckers-Project-Archived|/src/main/java/com/webcheckers/ui/getsigninroute.java(56:25)|/src/main/java/com/webcheckers/ui/getsigninroute.java(56:41)|spark.Request.session()|SYMBOL_KIND_METHOD|SYMBOL_USE_INVOCATION
PLACEHOLDER_CLIENT_ID|CLIENT|/data/ucov/repro/spark/Clients/bcs4313/WebCheckers-Project-Archived|/src/main/java/com/webcheckers/ui/getsigninroute.java(56:25)|/src/main/java/com/webcheckers/ui/getsigninroute.java(56:76)|spark.Session.attribute(java.lang.String)|SYMBOL_KIND_METHOD|SYMBOL_USE_INVOCATION
PLACEHOLDER_CLIENT_ID|CLIENT|/data/ucov/repro/spark/Clients/bcs4313/WebCheckers-Project-Archived|/src/main/java/com/webcheckers/ui/getsigninroute.java(67:16)|/src/main/java/com/webcheckers/ui/getsigninroute.java(67:69)|spark.TemplateEngine.render(spark.ModelAndView)|SYMBOL_KIND_METHOD|SYMBOL_USE_VIRTUAL_INVOCATION
PLACEHOLDER_CLIENT_ID|CLIENT|/data/ucov/repro/spark/Clients/bcs4313/WebCheckers-Project-Archived|/src/main/java/com/webcheckers/ui/getsigninroute.java(67:38)|/src/main/java/com/webcheckers/ui/getsigninroute.java(67:68)|spark.ModelAndView(java.lang.Object,java.lang.String)|SYMBOL_KIND_CONSTRUCTOR|SYMBOL_USE_INVOCATION
PLACEHOLDER_CLIENT_ID|CLIENT|/data/ucov/repro/spark/Clients/bcs4313/WebCheckers-Project-Archived|/src/main/java/com/webcheckers/ui/getsigninroute.java(67:38)|/src/main/java/com/webcheckers/ui/getsigninroute.java(67:68)|spark.ModelAndView|SYMBOL_KIND_CLASS|SYMBOL_USE_INSTANTIATION
PLACEHOLDER_CLIENT_ID|CLIENT|/data/ucov/repro/spark/Clients/bcs4313/WebCheckers-Project-Archived|/src/main/java/com/webcheckers/ui/getsigninroute.java(67:42)|/src/main/java/com/webcheckers/ui/getsigninroute.java(67:53)|spark.ModelAndView|SYMBOL_KIND_TYPE|SYMBOL_USE_TYPE_REFERENCE
PLACEHOLDER_CLIENT_ID|CLIENT|/data/ucov/repro/spark/Clients/bcs4313/WebCheckers-Project-Archived|/src/main/java/com/webcheckers/ui/getspectexitroute.java(14:14)|/src/main/java/com/webcheckers/ui/getspectexitroute.java(47:1)|spark.Route|SYMBOL_KIND_INTERFACE|SYMBOL_USE_IMPLEMENTATION
PLACEHOLDER_CLIENT_ID|CLIENT|/data/ucov/repro/spark/Clients/bcs4313/WebCheckers-Project-Archived|/src/main/java/com/webcheckers/ui/getspectexitroute.java(14:43)|/src/main/java/com/webcheckers/ui/getspectexitroute.java(14:47)|spark.Route|SYMBOL_KIND_TYPE|SYMBOL_USE_TYPE_REFERENCE
PLACEHOLDER_CLIENT_ID|CLIENT|/data/ucov/repro/spark/Clients/bcs4313/WebCheckers-Project-Archived|/src/main/java/com/webcheckers/ui/getspectexitroute.java(15:19)|/src/main/java/com/webcheckers/ui/getspectexitroute.java(15:32)|spark.TemplateEngine|SYMBOL_KIND_TYPE|SYMBOL_USE_TYPE_REFERENCE
PLACEHOLDER_CLIENT_ID|CLIENT|/data/ucov/repro/spark/Clients/bcs4313/WebCheckers-Project-Archived|/src/main/java/com/webcheckers/ui/getspectexitroute.java(26:23)|/src/main/java/com/webcheckers/ui/getspectexitroute.java(26:36)|spark.TemplateEngine|SYMBOL_KIND_TYPE|SYMBOL_USE_TYPE_REFERENCE
PLACEHOLDER_CLIENT_ID|CLIENT|/data/ucov/repro/spark/Clients/bcs4313/WebCheckers-Project-Archived|/src/main/java/com/webcheckers/ui/getspectexitroute.java(43:19)|/src/main/java/com/webcheckers/ui/getspectexitroute.java(46:5)|spark.Route.handle(spark.Request,spark.Response)|SYMBOL_KIND_METHOD|SYMBOL_USE_OVERRIDING
PLACEHOLDER_CLIENT_ID|CLIENT|/data/ucov/repro/spark/Clients/bcs4313/WebCheckers-Project-Archived|/src/main/java/com/webcheckers/ui/getspectexitroute.java(43:26)|/src/main/java/com/webcheckers/ui/getspectexitroute.java(43:32)|spark.Request|SYMBOL_KIND_TYPE|SYMBOL_USE_TYPE_REFERENCE
PLACEHOLDER_CLIENT_ID|CLIENT|/data/ucov/repro/spark/Clients/bcs4313/WebCheckers-Project-Archived|/src/main/java/com/webcheckers/ui/getspectexitroute.java(43:43)|/src/main/java/com/webcheckers/ui/getspectexitroute.java(43:50)|spark.Response|SYMBOL_KIND_TYPE|SYMBOL_USE_TYPE_REFERENCE
PLACEHOLDER_CLIENT_ID|CLIENT|/data/ucov/repro/spark/Clients/bcs4313/WebCheckers-Project-Archived|/src/main/java/com/webcheckers/ui/getspectexitroute.java(44:9)|/src/main/java/com/webcheckers/ui/getspectexitroute.java(44:46)|spark.Response.redirect(java.lang.String)|SYMBOL_KIND_METHOD|SYMBOL_USE_INVOCATION
PLACEHOLDER_CLIENT_ID|CLIENT|/data/ucov/repro/spark/Clients/bcs4313/WebCheckers-Project-Archived|/src/main/java/com/webcheckers/ui/getspectgameroute.java(111:16)|/src/main/java/com/webcheckers/ui/getspectgameroute.java(111:69)|spark.TemplateEngine.render(spark.ModelAndView)|SYMBOL_KIND_METHOD|SYMBOL_USE_VIRTUAL_INVOCATION
PLACEHOLDER_CLIENT_ID|CLIENT|/data/ucov/repro/spark/Clients/bcs4313/WebCheckers-Project-Archived|/src/main/java/com/webcheckers/ui/getspectgameroute.java(111:38)|/src/main/java/com/webcheckers/ui/getspectgameroute.java(111:68)|spark.ModelAndView(java.lang.Object,java.lang.String)|SYMBOL_KIND_CONSTRUCTOR|SYMBOL_USE_INVOCATION
PLACEHOLDER_CLIENT_ID|CLIENT|/data/ucov/repro/spark/Clients/bcs4313/WebCheckers-Project-Archived|/src/main/java/com/webcheckers/ui/getspectgameroute.java(111:38)|/src/main/java/com/webcheckers/ui/getspectgameroute.java(111:68)|spark.ModelAndView|SYMBOL_KIND_CLASS|SYMBOL_USE_INSTANTIATION
PLACEHOLDER_CLIENT_ID|CLIENT|/data/ucov/repro/spark/Clients/bcs4313/WebCheckers-Project-Archived|/src/main/java/com/webcheckers/ui/getspectgameroute.java(111:42)|/src/main/java/com/webcheckers/ui/getspectgameroute.java(111:53)|spark.ModelAndView|SYMBOL_KIND_TYPE|SYMBOL_USE_TYPE_REFERENCE
PLACEHOLDER_CLIENT_ID|CLIENT|/data/ucov/repro/spark/Clients/bcs4313/WebCheckers-Project-Archived|/src/main/java/com/webcheckers/ui/getspectgameroute.java(22:14)|/src/main/java/com/webcheckers/ui/getspectgameroute.java(113:1)|spark.Route|SYMBOL_KIND_INTERFACE|SYMBOL_USE_IMPLEMENTATION
PLACEHOLDER_CLIENT_ID|CLIENT|/data/ucov/repro/spark/Clients/bcs4313/WebCheckers-Project-Archived|/src/main/java/com/webcheckers/ui/getspectgameroute.java(22:43)|/src/main/java/com/webcheckers/ui/getspectgameroute.java(22:47)|spark.Route|SYMBOL_KIND_TYPE|SYMBOL_USE_TYPE_REFERENCE
PLACEHOLDER_CLIENT_ID|CLIENT|/data/ucov/repro/spark/Clients/bcs4313/WebCheckers-Project-Archived|/src/main/java/com/webcheckers/ui/getspectgameroute.java(24:19)|/src/main/java/com/webcheckers/ui/getspectgameroute.java(24:32)|spark.TemplateEngine|SYMBOL_KIND_TYPE|SYMBOL_USE_TYPE_REFERENCE
PLACEHOLDER_CLIENT_ID|CLIENT|/data/ucov/repro/spark/Clients/bcs4313/WebCheckers-Project-Archived|/src/main/java/com/webcheckers/ui/getspectgameroute.java(41:23)|/src/main/java/com/webcheckers/ui/getspectgameroute.java(41:36)|spark.TemplateEngine|SYMBOL_KIND_TYPE|SYMBOL_USE_TYPE_REFERENCE
PLACEHOLDER_CLIENT_ID|CLIENT|/data/ucov/repro/spark/Clients/bcs4313/WebCheckers-Project-Archived|/src/main/java/com/webcheckers/ui/getspectgameroute.java(63:19)|/src/main/java/com/webcheckers/ui/getspectgameroute.java(112:5)|spark.Route.handle(spark.Request,spark.Response)|SYMBOL_KIND_METHOD|SYMBOL_USE_OVERRIDING
PLACEHOLDER_CLIENT_ID|CLIENT|/data/ucov/repro/spark/Clients/bcs4313/WebCheckers-Project-Archived|/src/main/java/com/webcheckers/ui/getspectgameroute.java(63:26)|/src/main/java/com/webcheckers/ui/getspectgameroute.java(63:32)|spark.Request|SYMBOL_KIND_TYPE|SYMBOL_USE_TYPE_REFERENCE
PLACEHOLDER_CLIENT_ID|CLIENT|/data/ucov/repro/spark/Clients/bcs4313/WebCheckers-Project-Archived|/src/main/java/com/webcheckers/ui/getspectgameroute.java(63:43)|/src/main/java/com/webcheckers/ui/getspectgameroute.java(63:50)|spark.Response|SYMBOL_KIND_TYPE|SYMBOL_USE_TYPE_REFERENCE
PLACEHOLDER_CLIENT_ID|CLIENT|/data/ucov/repro/spark/Clients/bcs4313/WebCheckers-Project-Archived|/src/main/java/com/webcheckers/ui/getspectgameroute.java(64:27)|/src/main/java/com/webcheckers/ui/getspectgameroute.java(64:43)|spark.Request.session()|SYMBOL_KIND_METHOD|SYMBOL_USE_INVOCATION
PLACEHOLDER_CLIENT_ID|CLIENT|/data/ucov/repro/spark/Clients/bcs4313/WebCheckers-Project-Archived|/src/main/java/com/webcheckers/ui/getspectgameroute.java(64:9)|/src/main/java/com/webcheckers/ui/getspectgameroute.java(64:15)|spark.Session|SYMBOL_KIND_TYPE|SYMBOL_USE_TYPE_REFERENCE
PLACEHOLDER_CLIENT_ID|CLIENT|/data/ucov/repro/spark/Clients/bcs4313/WebCheckers-Project-Archived|/src/main/java/com/webcheckers/ui/getspectgameroute.java(68:27)|/src/main/java/com/webcheckers/ui/getspectgameroute.java(68:43)|spark.Request.session()|SYMBOL_KIND_METHOD|SYMBOL_USE_INVOCATION
PLACEHOLDER_CLIENT_ID|CLIENT|/data/ucov/repro/spark/Clients/bcs4313/WebCheckers-Project-Archived|/src/main/java/com/webcheckers/ui/getspectgameroute.java(68:27)|/src/main/java/com/webcheckers/ui/getspectgameroute.java(68:81)|spark.Session.attribute(java.lang.String)|SYMBOL_KIND_METHOD|SYMBOL_USE_INVOCATION
PLACEHOLDER_CLIENT_ID|CLIENT|/data/ucov/repro/spark/Clients/bcs4313/WebCheckers-Project-Archived|/src/main/java/com/webcheckers/ui/getspectgameroute.java(72:35)|/src/main/java/com/webcheckers/ui/getspectgameroute.java(72:75)|spark.Request.queryParams(java.lang.String)|SYMBOL_KIND_METHOD|SYMBOL_USE_INVOCATION
PLACEHOLDER_CLIENT_ID|CLIENT|/data/ucov/repro/spark/Clients/bcs4313/WebCheckers-Project-Archived|/src/main/java/com/webcheckers/ui/postbackupmove.java(20:14)|/src/main/java/com/webcheckers/ui/postbackupmove.java(70:1)|spark.Route|SYMBOL_KIND_INTERFACE|SYMBOL_USE_IMPLEMENTATION
PLACEHOLDER_CLIENT_ID|CLIENT|/data/ucov/repro/spark/Clients/bcs4313/WebCheckers-Project-Archived|/src/main/java/com/webcheckers/ui/postbackupmove.java(20:40)|/src/main/java/com/webcheckers/ui/postbackupmove.java(20:44)|spark.Route|SYMBOL_KIND_TYPE|SYMBOL_USE_TYPE_REFERENCE
PLACEHOLDER_CLIENT_ID|CLIENT|/data/ucov/repro/spark/Clients/bcs4313/WebCheckers-Project-Archived|/src/main/java/com/webcheckers/ui/postbackupmove.java(21:19)|/src/main/java/com/webcheckers/ui/postbackupmove.java(21:32)|spark.TemplateEngine|SYMBOL_KIND_TYPE|SYMBOL_USE_TYPE_REFERENCE
PLACEHOLDER_CLIENT_ID|CLIENT|/data/ucov/repro/spark/Clients/bcs4313/WebCheckers-Project-Archived|/src/main/java/com/webcheckers/ui/postbackupmove.java(34:27)|/src/main/java/com/webcheckers/ui/postbackupmove.java(34:40)|spark.TemplateEngine|SYMBOL_KIND_TYPE|SYMBOL_USE_TYPE_REFERENCE
PLACEHOLDER_CLIENT_ID|CLIENT|/data/ucov/repro/spark/Clients/bcs4313/WebCheckers-Project-Archived|/src/main/java/com/webcheckers/ui/postbackupmove.java(54:19)|/src/main/java/com/webcheckers/ui/postbackupmove.java(69:5)|spark.Route.handle(spark.Request,spark.Response)|SYMBOL_KIND_METHOD|SYMBOL_USE_OVERRIDING
PLACEHOLDER_CLIENT_ID|CLIENT|/data/ucov/repro/spark/Clients/bcs4313/WebCheckers-Project-Archived|/src/main/java/com/webcheckers/ui/postbackupmove.java(54:26)|/src/main/java/com/webcheckers/ui/postbackupmove.java(54:32)|spark.Request|SYMBOL_KIND_TYPE|SYMBOL_USE_TYPE_REFERENCE
PLACEHOLDER_CLIENT_ID|CLIENT|/data/ucov/repro/spark/Clients/bcs4313/WebCheckers-Project-Archived|/src/main/java/com/webcheckers/ui/postbackupmove.java(54:43)|/src/main/java/com/webcheckers/ui/postbackupmove.java(54:50)|spark.Response|SYMBOL_KIND_TYPE|SYMBOL_USE_TYPE_REFERENCE
PLACEHOLDER_CLIENT_ID|CLIENT|/data/ucov/repro/spark/Clients/bcs4313/WebCheckers-Project-Archived|/src/main/java/com/webcheckers/ui/postbackupmove.java(56:38)|/src/main/java/com/webcheckers/ui/postbackupmove.java(56:78)|spark.Request.queryParams(java.lang.String)|SYMBOL_KIND_METHOD|SYMBOL_USE_INVOCATION
PLACEHOLDER_CLIENT_ID|CLIENT|/data/ucov/repro/spark/Clients/bcs4313/WebCheckers-Project-Archived|/src/main/java/com/webcheckers/ui/postcheckturn.java(17:14)|/src/main/java/com/webcheckers/ui/postcheckturn.java(77:1)|spark.Route|SYMBOL_KIND_INTERFACE|SYMBOL_USE_IMPLEMENTATION
PLACEHOLDER_CLIENT_ID|CLIENT|/data/ucov/repro/spark/Clients/bcs4313/WebCheckers-Project-Archived|/src/main/java/com/webcheckers/ui/postcheckturn.java(17:39)|/src/main/java/com/webcheckers/ui/postcheckturn.java(17:43)|spark.Route|SYMBOL_KIND_TYPE|SYMBOL_USE_TYPE_REFERENCE
PLACEHOLDER_CLIENT_ID|CLIENT|/data/ucov/repro/spark/Clients/bcs4313/WebCheckers-Project-Archived|/src/main/java/com/webcheckers/ui/postcheckturn.java(18:19)|/src/main/java/com/webcheckers/ui/postcheckturn.java(18:32)|spark.TemplateEngine|SYMBOL_KIND_TYPE|SYMBOL_USE_TYPE_REFERENCE
PLACEHOLDER_CLIENT_ID|CLIENT|/data/ucov/repro/spark/Clients/bcs4313/WebCheckers-Project-Archived|/src/main/java/com/webcheckers/ui/postcheckturn.java(32:26)|/src/main/java/com/webcheckers/ui/postcheckturn.java(32:39)|spark.TemplateEngine|SYMBOL_KIND_TYPE|SYMBOL_USE_TYPE_REFERENCE
PLACEHOLDER_CLIENT_ID|CLIENT|/data/ucov/repro/spark/Clients/bcs4313/WebCheckers-Project-Archived|/src/main/java/com/webcheckers/ui/postcheckturn.java(53:19)|/src/main/java/com/webcheckers/ui/postcheckturn.java(76:5)|spark.Route.handle(spark.Request,spark.Response)|SYMBOL_KIND_METHOD|SYMBOL_USE_OVERRIDING
PLACEHOLDER_CLIENT_ID|CLIENT|/data/ucov/repro/spark/Clients/bcs4313/WebCheckers-Project-Archived|/src/main/java/com/webcheckers/ui/postcheckturn.java(53:26)|/src/main/java/com/webcheckers/ui/postcheckturn.java(53:32)|spark.Request|SYMBOL_KIND_TYPE|SYMBOL_USE_TYPE_REFERENCE
PLACEHOLDER_CLIENT_ID|CLIENT|/data/ucov/repro/spark/Clients/bcs4313/WebCheckers-Project-Archived|/src/main/java/com/webcheckers/ui/postcheckturn.java(53:43)|/src/main/java/com/webcheckers/ui/postcheckturn.java(53:50)|spark.Response|SYMBOL_KIND_TYPE|SYMBOL_USE_TYPE_REFERENCE
PLACEHOLDER_CLIENT_ID|CLIENT|/data/ucov/repro/spark/Clients/bcs4313/WebCheckers-Project-Archived|/src/main/java/com/webcheckers/ui/postcheckturn.java(54:15)|/src/main/java/com/webcheckers/ui/postcheckturn.java(54:21)|spark.Session|SYMBOL_KIND_TYPE|SYMBOL_USE_TYPE_REFERENCE
PLACEHOLDER_CLIENT_ID|CLIENT|/data/ucov/repro/spark/Clients/bcs4313/WebCheckers-Project-Archived|/src/main/java/com/webcheckers/ui/postcheckturn.java(54:33)|/src/main/java/com/webcheckers/ui/postcheckturn.java(54:49)|spark.Request.session()|SYMBOL_KIND_METHOD|SYMBOL_USE_INVOCATION
PLACEHOLDER_CLIENT_ID|CLIENT|/data/ucov/repro/spark/Clients/bcs4313/WebCheckers-Project-Archived|/src/main/java/com/webcheckers/ui/postcheckturn.java(56:21)|/src/main/java/com/webcheckers/ui/postcheckturn.java(56:61)|spark.Request.queryParams(java.lang.String)|SYMBOL_KIND_METHOD|SYMBOL_USE_INVOCATION
PLACEHOLDER_CLIENT_ID|CLIENT|/data/ucov/repro/spark/Clients/bcs4313/WebCheckers-Project-Archived|/src/main/java/com/webcheckers/ui/postcheckturn.java(57:27)|/src/main/java/com/webcheckers/ui/postcheckturn.java(57:71)|spark.Session.attribute(java.lang.String)|SYMBOL_KIND_METHOD|SYMBOL_USE_INVOCATION
PLACEHOLDER_CLIENT_ID|CLIENT|/data/ucov/repro/spark/Clients/bcs4313/WebCheckers-Project-Archived|/src/main/java/com/webcheckers/ui/postresigngame.java(18:14)|/src/main/java/com/webcheckers/ui/postresigngame.java(82:1)|spark.Route|SYMBOL_KIND_INTERFACE|SYMBOL_USE_IMPLEMENTATION
PLACEHOLDER_CLIENT_ID|CLIENT|/data/ucov/repro/spark/Clients/bcs4313/WebCheckers-Project-Archived|/src/main/java/com/webcheckers/ui/postresigngame.java(18:40)|/src/main/java/com/webcheckers/ui/postresigngame.java(18:44)|spark.Route|SYMBOL_KIND_TYPE|SYMBOL_USE_TYPE_REFERENCE
PLACEHOLDER_CLIENT_ID|CLIENT|/data/ucov/repro/spark/Clients/bcs4313/WebCheckers-Project-Archived|/src/main/java/com/webcheckers/ui/postresigngame.java(20:19)|/src/main/java/com/webcheckers/ui/postresigngame.java(20:32)|spark.TemplateEngine|SYMBOL_KIND_TYPE|SYMBOL_USE_TYPE_REFERENCE
PLACEHOLDER_CLIENT_ID|CLIENT|/data/ucov/repro/spark/Clients/bcs4313/WebCheckers-Project-Archived|/src/main/java/com/webcheckers/ui/postresigngame.java(36:20)|/src/main/java/com/webcheckers/ui/postresigngame.java(36:33)|spark.TemplateEngine|SYMBOL_KIND_TYPE|SYMBOL_USE_TYPE_REFERENCE
PLACEHOLDER_CLIENT_ID|CLIENT|/data/ucov/repro/spark/Clients/bcs4313/WebCheckers-Project-Archived|/src/main/java/com/webcheckers/ui/postresigngame.java(56:19)|/src/main/java/com/webcheckers/ui/postresigngame.java(80:5)|spark.Route.handle(spark.Request,spark.Response)|SYMBOL_KIND_METHOD|SYMBOL_USE_OVERRIDING
PLACEHOLDER_CLIENT_ID|CLIENT|/data/ucov/repro/spark/Clients/bcs4313/WebCheckers-Project-Archived|/src/main/java/com/webcheckers/ui/postresigngame.java(56:26)|/src/main/java/com/webcheckers/ui/postresigngame.java(56:32)|spark.Request|SYMBOL_KIND_TYPE|SYMBOL_USE_TYPE_REFERENCE
PLACEHOLDER_CLIENT_ID|CLIENT|/data/ucov/repro/spark/Clients/bcs4313/WebCheckers-Project-Archived|/src/main/java/com/webcheckers/ui/postresigngame.java(56:43)|/src/main/java/com/webcheckers/ui/postresigngame.java(56:50)|spark.Response|SYMBOL_KIND_TYPE|SYMBOL_USE_TYPE_REFERENCE
PLACEHOLDER_CLIENT_ID|CLIENT|/data/ucov/repro/spark/Clients/bcs4313/WebCheckers-Project-Archived|/src/main/java/com/webcheckers/ui/postresigngame.java(57:15)|/src/main/java/com/webcheckers/ui/postresigngame.java(57:21)|spark.Session|SYMBOL_KIND_TYPE|SYMBOL_USE_TYPE_REFERENCE
PLACEHOLDER_CLIENT_ID|CLIENT|/data/ucov/repro/spark/Clients/bcs4313/WebCheckers-Project-Archived|/src/main/java/com/webcheckers/ui/postresigngame.java(57:33)|/src/main/java/com/webcheckers/ui/postresigngame.java(57:49)|spark.Request.session()|SYMBOL_KIND_METHOD|SYMBOL_USE_INVOCATION
PLACEHOLDER_CLIENT_ID|CLIENT|/data/ucov/repro/spark/Clients/bcs4313/WebCheckers-Project-Archived|/src/main/java/com/webcheckers/ui/postresigngame.java(60:21)|/src/main/java/com/webcheckers/ui/postresigngame.java(60:61)|spark.Request.queryParams(java.lang.String)|SYMBOL_KIND_METHOD|SYMBOL_USE_INVOCATION
PLACEHOLDER_CLIENT_ID|CLIENT|/data/ucov/repro/spark/Clients/bcs4313/WebCheckers-Project-Archived|/src/main/java/com/webcheckers/ui/postresigngame.java(61:27)|/src/main/java/com/webcheckers/ui/postresigngame.java(61:71)|spark.Session.attribute(java.lang.String)|SYMBOL_KIND_METHOD|SYMBOL_USE_INVOCATION
PLACEHOLDER_CLIENT_ID|CLIENT|/data/ucov/repro/spark/Clients/bcs4313/WebCheckers-Project-Archived|/src/main/java/com/webcheckers/ui/postsigninroute.java(13:14)|/src/main/java/com/webcheckers/ui/postsigninroute.java(77:1)|spark.Route|SYMBOL_KIND_INTERFACE|SYMBOL_USE_IMPLEMENTATION
PLACEHOLDER_CLIENT_ID|CLIENT|/data/ucov/repro/spark/Clients/bcs4313/WebCheckers-Project-Archived|/src/main/java/com/webcheckers/ui/postsigninroute.java(13:41)|/src/main/java/com/webcheckers/ui/postsigninroute.java(13:45)|spark.Route|SYMBOL_KIND_TYPE|SYMBOL_USE_TYPE_REFERENCE
PLACEHOLDER_CLIENT_ID|CLIENT|/data/ucov/repro/spark/Clients/bcs4313/WebCheckers-Project-Archived|/src/main/java/com/webcheckers/ui/postsigninroute.java(15:19)|/src/main/java/com/webcheckers/ui/postsigninroute.java(15:32)|spark.TemplateEngine|SYMBOL_KIND_TYPE|SYMBOL_USE_TYPE_REFERENCE
PLACEHOLDER_CLIENT_ID|CLIENT|/data/ucov/repro/spark/Clients/bcs4313/WebCheckers-Project-Archived|/src/main/java/com/webcheckers/ui/postsigninroute.java(27:53)|/src/main/java/com/webcheckers/ui/postsigninroute.java(27:66)|spark.TemplateEngine|SYMBOL_KIND_TYPE|SYMBOL_USE_TYPE_REFERENCE
PLACEHOLDER_CLIENT_ID|CLIENT|/data/ucov/repro/spark/Clients/bcs4313/WebCheckers-Project-Archived|/src/main/java/com/webcheckers/ui/postsigninroute.java(49:19)|/src/main/java/com/webcheckers/ui/postsigninroute.java(75:9)|spark.Route.handle(spark.Request,spark.Response)|SYMBOL_KIND_METHOD|SYMBOL_USE_OVERRIDING
PLACEHOLDER_CLIENT_ID|CLIENT|/data/ucov/repro/spark/Clients/bcs4313/WebCheckers-Project-Archived|/src/main/java/com/webcheckers/ui/postsigninroute.java(49:26)|/src/main/java/com/webcheckers/ui/postsigninroute.java(49:32)|spark.Request|SYMBOL_KIND_TYPE|SYMBOL_USE_TYPE_REFERENCE
PLACEHOLDER_CLIENT_ID|CLIENT|/data/ucov/repro/spark/Clients/bcs4313/WebCheckers-Project-Archived|/src/main/java/com/webcheckers/ui/postsigninroute.java(49:43)|/src/main/java/com/webcheckers/ui/postsigninroute.java(49:50)|spark.Response|SYMBOL_KIND_TYPE|SYMBOL_USE_TYPE_REFERENCE
PLACEHOLDER_CLIENT_ID|CLIENT|/data/ucov/repro/spark/Clients/bcs4313/WebCheckers-Project-Archived|/src/main/java/com/webcheckers/ui/postsigninroute.java(51:15)|/src/main/java/com/webcheckers/ui/postsigninroute.java(51:21)|spark.Session|SYMBOL_KIND_TYPE|SYMBOL_USE_TYPE_REFERENCE
PLACEHOLDER_CLIENT_ID|CLIENT|/data/ucov/repro/spark/Clients/bcs4313/WebCheckers-Project-Archived|/src/main/java/com/webcheckers/ui/postsigninroute.java(51:33)|/src/main/java/com/webcheckers/ui/postsigninroute.java(51:49)|spark.Request.session()|SYMBOL_KIND_METHOD|SYMBOL_USE_INVOCATION
PLACEHOLDER_CLIENT_ID|CLIENT|/data/ucov/repro/spark/Clients/bcs4313/WebCheckers-Project-Archived|/src/main/java/com/webcheckers/ui/postsigninroute.java(53:9)|/src/main/java/com/webcheckers/ui/postsigninroute.java(53:58)|spark.Session.attribute(java.lang.String,java.lang.Object)|SYMBOL_KIND_METHOD|SYMBOL_USE_INVOCATION
PLACEHOLDER_CLIENT_ID|CLIENT|/data/ucov/repro/spark/Clients/bcs4313/WebCheckers-Project-Archived|/src/main/java/com/webcheckers/ui/postsigninroute.java(55:33)|/src/main/java/com/webcheckers/ui/postsigninroute.java(55:79)|spark.Request.queryParams(java.lang.String)|SYMBOL_KIND_METHOD|SYMBOL_USE_INVOCATION
PLACEHOLDER_CLIENT_ID|CLIENT|/data/ucov/repro/spark/Clients/bcs4313/WebCheckers-Project-Archived|/src/main/java/com/webcheckers/ui/postsigninroute.java(66:13)|/src/main/java/com/webcheckers/ui/postsigninroute.java(66:73)|spark.Session.attribute(java.lang.String,java.lang.Object)|SYMBOL_KIND_METHOD|SYMBOL_USE_INVOCATION
PLACEHOLDER_CLIENT_ID|CLIENT|/data/ucov/repro/spark/Clients/bcs4313/WebCheckers-Project-Archived|/src/main/java/com/webcheckers/ui/postsigninroute.java(67:13)|/src/main/java/com/webcheckers/ui/postsigninroute.java(67:50)|spark.Response.redirect(java.lang.String)|SYMBOL_KIND_METHOD|SYMBOL_USE_INVOCATION
PLACEHOLDER_CLIENT_ID|CLIENT|/data/ucov/repro/spark/Clients/bcs4313/WebCheckers-Project-Archived|/src/main/java/com/webcheckers/ui/postsigninroute.java(71:13)|/src/main/java/com/webcheckers/ui/postsigninroute.java(71:61)|spark.Session.attribute(java.lang.String,java.lang.Object)|SYMBOL_KIND_METHOD|SYMBOL_USE_INVOCATION
PLACEHOLDER_CLIENT_ID|CLIENT|/data/ucov/repro/spark/Clients/bcs4313/WebCheckers-Project-Archived|/src/main/java/com/webcheckers/ui/postsigninroute.java(72:13)|/src/main/java/com/webcheckers/ui/postsigninroute.java(72:52)|spark.Response.redirect(java.lang.String)|SYMBOL_KIND_METHOD|SYMBOL_USE_INVOCATION
PLACEHOLDER_CLIENT_ID|CLIENT|/data/ucov/repro/spark/Clients/bcs4313/WebCheckers-Project-Archived|/src/main/java/com/webcheckers/ui/postsignoutroute.java(13:14)|/src/main/java/com/webcheckers/ui/postsignoutroute.java(63:1)|spark.Route|SYMBOL_KIND_INTERFACE|SYMBOL_USE_IMPLEMENTATION
PLACEHOLDER_CLIENT_ID|CLIENT|/data/ucov/repro/spark/Clients/bcs4313/WebCheckers-Project-Archived|/src/main/java/com/webcheckers/ui/postsignoutroute.java(13:42)|/src/main/java/com/webcheckers/ui/postsignoutroute.java(13:46)|spark.Route|SYMBOL_KIND_TYPE|SYMBOL_USE_TYPE_REFERENCE
PLACEHOLDER_CLIENT_ID|CLIENT|/data/ucov/repro/spark/Clients/bcs4313/WebCheckers-Project-Archived|/src/main/java/com/webcheckers/ui/postsignoutroute.java(15:19)|/src/main/java/com/webcheckers/ui/postsignoutroute.java(15:32)|spark.TemplateEngine|SYMBOL_KIND_TYPE|SYMBOL_USE_TYPE_REFERENCE
PLACEHOLDER_CLIENT_ID|CLIENT|/data/ucov/repro/spark/Clients/bcs4313/WebCheckers-Project-Archived|/src/main/java/com/webcheckers/ui/postsignoutroute.java(26:54)|/src/main/java/com/webcheckers/ui/postsignoutroute.java(26:67)|spark.TemplateEngine|SYMBOL_KIND_TYPE|SYMBOL_USE_TYPE_REFERENCE
PLACEHOLDER_CLIENT_ID|CLIENT|/data/ucov/repro/spark/Clients/bcs4313/WebCheckers-Project-Archived|/src/main/java/com/webcheckers/ui/postsignoutroute.java(48:19)|/src/main/java/com/webcheckers/ui/postsignoutroute.java(62:5)|spark.Route.handle(spark.Request,spark.Response)|SYMBOL_KIND_METHOD|SYMBOL_USE_OVERRIDING
PLACEHOLDER_CLIENT_ID|CLIENT|/data/ucov/repro/spark/Clients/bcs4313/WebCheckers-Project-Archived|/src/main/java/com/webcheckers/ui/postsignoutroute.java(48:26)|/src/main/java/com/webcheckers/ui/postsignoutroute.java(48:32)|spark.Request|SYMBOL_KIND_TYPE|SYMBOL_USE_TYPE_REFERENCE
PLACEHOLDER_CLIENT_ID|CLIENT|/data/ucov/repro/spark/Clients/bcs4313/WebCheckers-Project-Archived|/src/main/java/com/webcheckers/ui/postsignoutroute.java(48:43)|/src/main/java/com/webcheckers/ui/postsignoutroute.java(48:50)|spark.Response|SYMBOL_KIND_TYPE|SYMBOL_USE_TYPE_REFERENCE
PLACEHOLDER_CLIENT_ID|CLIENT|/data/ucov/repro/spark/Clients/bcs4313/WebCheckers-Project-Archived|/src/main/java/com/webcheckers/ui/postsignoutroute.java(50:15)|/src/main/java/com/webcheckers/ui/postsignoutroute.java(50:21)|spark.Session|SYMBOL_KIND_TYPE|SYMBOL_USE_TYPE_REFERENCE
PLACEHOLDER_CLIENT_ID|CLIENT|/data/ucov/repro/spark/Clients/bcs4313/WebCheckers-Project-Archived|/src/main/java/com/webcheckers/ui/postsignoutroute.java(50:33)|/src/main/java/com/webcheckers/ui/postsignoutroute.java(50:49)|spark.Request.session()|SYMBOL_KIND_METHOD|SYMBOL_USE_INVOCATION
PLACEHOLDER_CLIENT_ID|CLIENT|/data/ucov/repro/spark/Clients/bcs4313/WebCheckers-Project-Archived|/src/main/java/com/webcheckers/ui/postsignoutroute.java(52:33)|/src/main/java/com/webcheckers/ui/postsignoutroute.java(52:77)|spark.Session.attribute(java.lang.String)|SYMBOL_KIND_METHOD|SYMBOL_USE_INVOCATION
PLACEHOLDER_CLIENT_ID|CLIENT|/data/ucov/repro/spark/Clients/bcs4313/WebCheckers-Project-Archived|/src/main/java/com/webcheckers/ui/postsignoutroute.java(56:9)|/src/main/java/com/webcheckers/ui/postsignoutroute.java(56:60)|spark.Session.removeAttribute(java.lang.String)|SYMBOL_KIND_METHOD|SYMBOL_USE_INVOCATION
PLACEHOLDER_CLIENT_ID|CLIENT|/data/ucov/repro/spark/Clients/bcs4313/WebCheckers-Project-Archived|/src/main/java/com/webcheckers/ui/postsignoutroute.java(58:9)|/src/main/java/com/webcheckers/ui/postsignoutroute.java(58:46)|spark.Response.redirect(java.lang.String)|SYMBOL_KIND_METHOD|SYMBOL_USE_INVOCATION
PLACEHOLDER_CLIENT_ID|CLIENT|/data/ucov/repro/spark/Clients/bcs4313/WebCheckers-Project-Archived|/src/main/java/com/webcheckers/ui/postspectcheckroute.java(17:14)|/src/main/java/com/webcheckers/ui/postspectcheckroute.java(78:1)|spark.Route|SYMBOL_KIND_INTERFACE|SYMBOL_USE_IMPLEMENTATION
PLACEHOLDER_CLIENT_ID|CLIENT|/data/ucov/repro/spark/Clients/bcs4313/WebCheckers-Project-Archived|/src/main/java/com/webcheckers/ui/postspectcheckroute.java(17:45)|/src/main/java/com/webcheckers/ui/postspectcheckroute.java(17:49)|spark.Route|SYMBOL_KIND_TYPE|SYMBOL_USE_TYPE_REFERENCE
PLACEHOLDER_CLIENT_ID|CLIENT|/data/ucov/repro/spark/Clients/bcs4313/WebCheckers-Project-Archived|/src/main/java/com/webcheckers/ui/postspectcheckroute.java(18:19)|/src/main/java/com/webcheckers/ui/postspectcheckroute.java(18:32)|spark.TemplateEngine|SYMBOL_KIND_TYPE|SYMBOL_USE_TYPE_REFERENCE
PLACEHOLDER_CLIENT_ID|CLIENT|/data/ucov/repro/spark/Clients/bcs4313/WebCheckers-Project-Archived|/src/main/java/com/webcheckers/ui/postspectcheckroute.java(33:25)|/src/main/java/com/webcheckers/ui/postspectcheckroute.java(33:38)|spark.TemplateEngine|SYMBOL_KIND_TYPE|SYMBOL_USE_TYPE_REFERENCE
PLACEHOLDER_CLIENT_ID|CLIENT|/data/ucov/repro/spark/Clients/bcs4313/WebCheckers-Project-Archived|/src/main/java/com/webcheckers/ui/postspectcheckroute.java(56:19)|/src/main/java/com/webcheckers/ui/postspectcheckroute.java(77:5)|spark.Route.handle(spark.Request,spark.Response)|SYMBOL_KIND_METHOD|SYMBOL_USE_OVERRIDING
PLACEHOLDER_CLIENT_ID|CLIENT|/data/ucov/repro/spark/Clients/bcs4313/WebCheckers-Project-Archived|/src/main/java/com/webcheckers/ui/postspectcheckroute.java(56:26)|/src/main/java/com/webcheckers/ui/postspectcheckroute.java(56:32)|spark.Request|SYMBOL_KIND_TYPE|SYMBOL_USE_TYPE_REFERENCE
PLACEHOLDER_CLIENT_ID|CLIENT|/data/ucov/repro/spark/Clients/bcs4313/WebCheckers-Project-Archived|/src/main/java/com/webcheckers/ui/postspectcheckroute.java(56:43)|/src/main/java/com/webcheckers/ui/postspectcheckroute.java(56:50)|spark.Response|SYMBOL_KIND_TYPE|SYMBOL_USE_TYPE_REFERENCE
PLACEHOLDER_CLIENT_ID|CLIENT|/data/ucov/repro/spark/Clients/bcs4313/WebCheckers-Project-Archived|/src/main/java/com/webcheckers/ui/postspectcheckroute.java(57:15)|/src/main/java/com/webcheckers/ui/postspectcheckroute.java(57:21)|spark.Session|SYMBOL_KIND_TYPE|SYMBOL_USE_TYPE_REFERENCE
PLACEHOLDER_CLIENT_ID|CLIENT|/data/ucov/repro/spark/Clients/bcs4313/WebCheckers-Project-Archived|/src/main/java/com/webcheckers/ui/postspectcheckroute.java(57:33)|/src/main/java/com/webcheckers/ui/postspectcheckroute.java(57:49)|spark.Request.session()|SYMBOL_KIND_METHOD|SYMBOL_USE_INVOCATION
PLACEHOLDER_CLIENT_ID|CLIENT|/data/ucov/repro/spark/Clients/bcs4313/WebCheckers-Project-Archived|/src/main/java/com/webcheckers/ui/postspectcheckroute.java(59:21)|/src/main/java/com/webcheckers/ui/postspectcheckroute.java(59:49)|spark.Request.queryParams(java.lang.String)|SYMBOL_KIND_METHOD|SYMBOL_USE_INVOCATION
PLACEHOLDER_CLIENT_ID|CLIENT|/data/ucov/repro/spark/Clients/bcs4313/WebCheckers-Project-Archived|/src/main/java/com/webcheckers/ui/postspectcheckroute.java(60:27)|/src/main/java/com/webcheckers/ui/postspectcheckroute.java(60:71)|spark.Session.attribute(java.lang.String)|SYMBOL_KIND_METHOD|SYMBOL_USE_INVOCATION
PLACEHOLDER_CLIENT_ID|CLIENT|/data/ucov/repro/spark/Clients/bcs4313/WebCheckers-Project-Archived|/src/main/java/com/webcheckers/ui/postsubmitturn.java(24:14)|/src/main/java/com/webcheckers/ui/postsubmitturn.java(95:1)|spark.Route|SYMBOL_KIND_INTERFACE|SYMBOL_USE_IMPLEMENTATION
PLACEHOLDER_CLIENT_ID|CLIENT|/data/ucov/repro/spark/Clients/bcs4313/WebCheckers-Project-Archived|/src/main/java/com/webcheckers/ui/postsubmitturn.java(24:40)|/src/main/java/com/webcheckers/ui/postsubmitturn.java(24:44)|spark.Route|SYMBOL_KIND_TYPE|SYMBOL_USE_TYPE_REFERENCE
PLACEHOLDER_CLIENT_ID|CLIENT|/data/ucov/repro/spark/Clients/bcs4313/WebCheckers-Project-Archived|/src/main/java/com/webcheckers/ui/postsubmitturn.java(27:19)|/src/main/java/com/webcheckers/ui/postsubmitturn.java(27:32)|spark.TemplateEngine|SYMBOL_KIND_TYPE|SYMBOL_USE_TYPE_REFERENCE
PLACEHOLDER_CLIENT_ID|CLIENT|/data/ucov/repro/spark/Clients/bcs4313/WebCheckers-Project-Archived|/src/main/java/com/webcheckers/ui/postsubmitturn.java(41:33)|/src/main/java/com/webcheckers/ui/postsubmitturn.java(41:46)|spark.TemplateEngine|SYMBOL_KIND_TYPE|SYMBOL_USE_TYPE_REFERENCE
PLACEHOLDER_CLIENT_ID|CLIENT|/data/ucov/repro/spark/Clients/bcs4313/WebCheckers-Project-Archived|/src/main/java/com/webcheckers/ui/postsubmitturn.java(60:19)|/src/main/java/com/webcheckers/ui/postsubmitturn.java(94:5)|spark.Route.handle(spark.Request,spark.Response)|SYMBOL_KIND_METHOD|SYMBOL_USE_OVERRIDING
PLACEHOLDER_CLIENT_ID|CLIENT|/data/ucov/repro/spark/Clients/bcs4313/WebCheckers-Project-Archived|/src/main/java/com/webcheckers/ui/postsubmitturn.java(60:26)|/src/main/java/com/webcheckers/ui/postsubmitturn.java(60:32)|spark.Request|SYMBOL_KIND_TYPE|SYMBOL_USE_TYPE_REFERENCE
PLACEHOLDER_CLIENT_ID|CLIENT|/data/ucov/repro/spark/Clients/bcs4313/WebCheckers-Project-Archived|/src/main/java/com/webcheckers/ui/postsubmitturn.java(60:43)|/src/main/java/com/webcheckers/ui/postsubmitturn.java(60:50)|spark.Response|SYMBOL_KIND_TYPE|SYMBOL_USE_TYPE_REFERENCE
PLACEHOLDER_CLIENT_ID|CLIENT|/data/ucov/repro/spark/Clients/bcs4313/WebCheckers-Project-Archived|/src/main/java/com/webcheckers/ui/postsubmitturn.java(62:38)|/src/main/java/com/webcheckers/ui/postsubmitturn.java(62:78)|spark.Request.queryParams(java.lang.String)|SYMBOL_KIND_METHOD|SYMBOL_USE_INVOCATION
PLACEHOLDER_CLIENT_ID|CLIENT|/data/ucov/repro/spark/Clients/bcs4313/WebCheckers-Project-Archived|/src/main/java/com/webcheckers/ui/postvalidatemove.java(23:14)|/src/main/java/com/webcheckers/ui/postvalidatemove.java(115:1)|spark.Route|SYMBOL_KIND_INTERFACE|SYMBOL_USE_IMPLEMENTATION
PLACEHOLDER_CLIENT_ID|CLIENT|/data/ucov/repro/spark/Clients/bcs4313/WebCheckers-Project-Archived|/src/main/java/com/webcheckers/ui/postvalidatemove.java(23:42)|/src/main/java/com/webcheckers/ui/postvalidatemove.java(23:46)|spark.Route|SYMBOL_KIND_TYPE|SYMBOL_USE_TYPE_REFERENCE
PLACEHOLDER_CLIENT_ID|CLIENT|/data/ucov/repro/spark/Clients/bcs4313/WebCheckers-Project-Archived|/src/main/java/com/webcheckers/ui/postvalidatemove.java(24:19)|/src/main/java/com/webcheckers/ui/postvalidatemove.java(24:32)|spark.TemplateEngine|SYMBOL_KIND_TYPE|SYMBOL_USE_TYPE_REFERENCE
PLACEHOLDER_CLIENT_ID|CLIENT|/data/ucov/repro/spark/Clients/bcs4313/WebCheckers-Project-Archived|/src/main/java/com/webcheckers/ui/postvalidatemove.java(39:22)|/src/main/java/com/webcheckers/ui/postvalidatemove.java(39:35)|spark.TemplateEngine|SYMBOL_KIND_TYPE|SYMBOL_USE_TYPE_REFERENCE
PLACEHOLDER_CLIENT_ID|CLIENT|/data/ucov/repro/spark/Clients/bcs4313/WebCheckers-Project-Archived|/src/main/java/com/webcheckers/ui/postvalidatemove.java(60:19)|/src/main/java/com/webcheckers/ui/postvalidatemove.java(100:5)|spark.Route.handle(spark.Request,spark.Response)|SYMBOL_KIND_METHOD|SYMBOL_USE_OVERRIDING
PLACEHOLDER_CLIENT_ID|CLIENT|/data/ucov/repro/spark/Clients/bcs4313/WebCheckers-Project-Archived|/src/main/java/com/webcheckers/ui/postvalidatemove.java(60:26)|/src/main/java/com/webcheckers/ui/postvalidatemove.java(60:32)|spark.Request|SYMBOL_KIND_TYPE|SYMBOL_USE_TYPE_REFERENCE
PLACEHOLDER_CLIENT_ID|CLIENT|/data/ucov/repro/spark/Clients/bcs4313/WebCheckers-Project-Archived|/src/main/java/com/webcheckers/ui/postvalidatemove.java(60:43)|/src/main/java/com/webcheckers/ui/postvalidatemove.java(60:50)|spark.Response|SYMBOL_KIND_TYPE|SYMBOL_USE_TYPE_REFERENCE
PLACEHOLDER_CLIENT_ID|CLIENT|/data/ucov/repro/spark/Clients/bcs4313/WebCheckers-Project-Archived|/src/main/java/com/webcheckers/ui/postvalidatemove.java(62:39)|/src/main/java/com/webcheckers/ui/postvalidatemove.java(62:70)|spark.Request.queryParams(java.lang.String)|SYMBOL_KIND_METHOD|SYMBOL_USE_INVOCATION
PLACEHOLDER_CLIENT_ID|CLIENT|/data/ucov/repro/spark/Clients/bcs4313/WebCheckers-Project-Archived|/src/main/java/com/webcheckers/ui/postvalidatemove.java(69:38)|/src/main/java/com/webcheckers/ui/postvalidatemove.java(69:78)|spark.Request.queryParams(java.lang.String)|SYMBOL_KIND_METHOD|SYMBOL_USE_INVOCATION
PLACEHOLDER_CLIENT_ID|CLIENT|/data/ucov/repro/spark/Clients/bcs4313/WebCheckers-Project-Archived|/src/main/java/com/webcheckers/ui/webserver.java(114:26)|/src/main/java/com/webcheckers/ui/webserver.java(114:39)|spark.TemplateEngine|SYMBOL_KIND_TYPE|SYMBOL_USE_TYPE_REFERENCE
PLACEHOLDER_CLIENT_ID|CLIENT|/data/ucov/repro/spark/Clients/bcs4313/WebCheckers-Project-Archived|/src/main/java/com/webcheckers/ui/webserver.java(142:5)|/src/main/java/com/webcheckers/ui/webserver.java(142:34)|spark.Spark.staticFileLocation(java.lang.String)|SYMBOL_KIND_METHOD|SYMBOL_USE_STATIC_INVOCATION
PLACEHOLDER_CLIENT_ID|CLIENT|/data/ucov/repro/spark/Clients/bcs4313/WebCheckers-Project-Archived|/src/main/java/com/webcheckers/ui/webserver.java(178:5)|/src/main/java/com/webcheckers/ui/webserver.java(178:91)|spark.Spark.get(java.lang.String,spark.Route)|SYMBOL_KIND_METHOD|SYMBOL_USE_STATIC_INVOCATION
PLACEHOLDER_CLIENT_ID|CLIENT|/data/ucov/repro/spark/Clients/bcs4313/WebCheckers-Project-Archived|/src/main/java/com/webcheckers/ui/webserver.java(181:5)|/src/main/java/com/webcheckers/ui/webserver.java(181:56)|spark.Spark.get(java.lang.String,spark.Route)|SYMBOL_KIND_METHOD|SYMBOL_USE_STATIC_INVOCATION
PLACEHOLDER_CLIENT_ID|CLIENT|/data/ucov/repro/spark/Clients/bcs4313/WebCheckers-Project-Archived|/src/main/java/com/webcheckers/ui/webserver.java(184:5)|/src/main/java/com/webcheckers/ui/webserver.java(184:91)|spark.Spark.get(java.lang.String,spark.Route)|SYMBOL_KIND_METHOD|SYMBOL_USE_STATIC_INVOCATION
PLACEHOLDER_CLIENT_ID|CLIENT|/data/ucov/repro/spark/Clients/bcs4313/WebCheckers-Project-Archived|/src/main/java/com/webcheckers/ui/webserver.java(186:5)|/src/main/java/com/webcheckers/ui/webserver.java(186:102)|spark.Spark.get(java.lang.String,spark.Route)|SYMBOL_KIND_METHOD|SYMBOL_USE_STATIC_INVOCATION
PLACEHOLDER_CLIENT_ID|CLIENT|/data/ucov/repro/spark/Clients/bcs4313/WebCheckers-Project-Archived|/src/main/java/com/webcheckers/ui/webserver.java(188:5)|/src/main/java/com/webcheckers/ui/webserver.java(188:63)|spark.Spark.get(java.lang.String,spark.Route)|SYMBOL_KIND_METHOD|SYMBOL_USE_STATIC_INVOCATION
PLACEHOLDER_CLIENT_ID|CLIENT|/data/ucov/repro/spark/Clients/bcs4313/WebCheckers-Project-Archived|/src/main/java/com/webcheckers/ui/webserver.java(191:5)|/src/main/java/com/webcheckers/ui/webserver.java(191:71)|spark.Spark.post(java.lang.String,spark.Route)|SYMBOL_KIND_METHOD|SYMBOL_USE_STATIC_INVOCATION
PLACEHOLDER_CLIENT_ID|CLIENT|/data/ucov/repro/spark/Clients/bcs4313/WebCheckers-Project-Archived|/src/main/java/com/webcheckers/ui/webserver.java(193:5)|/src/main/java/com/webcheckers/ui/webserver.java(193:73)|spark.Spark.post(java.lang.String,spark.Route)|SYMBOL_KIND_METHOD|SYMBOL_USE_STATIC_INVOCATION
PLACEHOLDER_CLIENT_ID|CLIENT|/data/ucov/repro/spark/Clients/bcs4313/WebCheckers-Project-Archived|/src/main/java/com/webcheckers/ui/webserver.java(195:5)|/src/main/java/com/webcheckers/ui/webserver.java(195:98)|spark.Spark.post(java.lang.String,spark.Route)|SYMBOL_KIND_METHOD|SYMBOL_USE_STATIC_INVOCATION
PLACEHOLDER_CLIENT_ID|CLIENT|/data/ucov/repro/spark/Clients/bcs4313/WebCheckers-Project-Archived|/src/main/java/com/webcheckers/ui/webserver.java(197:5)|/src/main/java/com/webcheckers/ui/webserver.java(197:86)|spark.Spark.post(java.lang.String,spark.Route)|SYMBOL_KIND_METHOD|SYMBOL_USE_STATIC_INVOCATION
PLACEHOLDER_CLIENT_ID|CLIENT|/data/ucov/repro/spark/Clients/bcs4313/WebCheckers-Project-Archived|/src/main/java/com/webcheckers/ui/webserver.java(199:5)|/src/main/java/com/webcheckers/ui/webserver.java(199:82)|spark.Spark.post(java.lang.String,spark.Route)|SYMBOL_KIND_METHOD|SYMBOL_USE_STATIC_INVOCATION
PLACEHOLDER_CLIENT_ID|CLIENT|/data/ucov/repro/spark/Clients/bcs4313/WebCheckers-Project-Archived|/src/main/java/com/webcheckers/ui/webserver.java(201:5)|/src/main/java/com/webcheckers/ui/webserver.java(201:100)|spark.Spark.post(java.lang.String,spark.Route)|SYMBOL_KIND_METHOD|SYMBOL_USE_STATIC_INVOCATION
PLACEHOLDER_CLIENT_ID|CLIENT|/data/ucov/repro/spark/Clients/bcs4313/WebCheckers-Project-Archived|/src/main/java/com/webcheckers/ui/webserver.java(203:5)|/src/main/java/com/webcheckers/ui/webserver.java(203:82)|spark.Spark.post(java.lang.String,spark.Route)|SYMBOL_KIND_METHOD|SYMBOL_USE_STATIC_INVOCATION
PLACEHOLDER_CLIENT_ID|CLIENT|/data/ucov/repro/spark/Clients/bcs4313/WebCheckers-Project-Archived|/src/main/java/com/webcheckers/ui/webserver.java(205:5)|/src/main/java/com/webcheckers/ui/webserver.java(205:106)|spark.Spark.post(java.lang.String,spark.Route)|SYMBOL_KIND_METHOD|SYMBOL_USE_STATIC_INVOCATION
PLACEHOLDER_CLIENT_ID|CLIENT|/data/ucov/repro/spark/Clients/bcs4313/WebCheckers-Project-Archived|/src/main/java/com/webcheckers/ui/webserver.java(92:17)|/src/main/java/com/webcheckers/ui/webserver.java(92:30)|spark.TemplateEngine|SYMBOL_KIND_TYPE|SYMBOL_USE_TYPE_REFERENCE
PLACEHOLDER_CLIENT_ID|CLIENT|/data/ucov/repro/spark/Clients/bcs4313/WebCheckers-Project-Archived|/src/test/java/com/webcheckers/ui/gethomeroutetest.java(103:14)|/src/test/java/com/webcheckers/ui/gethomeroutetest.java(103:58)|spark.Session.attribute(java.lang.String)|SYMBOL_KIND_METHOD|SYMBOL_USE_INVOCATION
PLACEHOLDER_CLIENT_ID|CLIENT|/data/ucov/repro/spark/Clients/bcs4313/WebCheckers-Project-Archived|/src/test/java/com/webcheckers/ui/gethomeroutetest.java(105:9)|/src/test/java/com/webcheckers/ui/gethomeroutetest.java(105:37)|spark.Route.handle(spark.Request,spark.Response)|SYMBOL_KIND_METHOD|SYMBOL_USE_VIRTUAL_INVOCATION
PLACEHOLDER_CLIENT_ID|CLIENT|/data/ucov/repro/spark/Clients/bcs4313/WebCheckers-Project-Archived|/src/test/java/com/webcheckers/ui/gethomeroutetest.java(133:14)|/src/test/java/com/webcheckers/ui/gethomeroutetest.java(133:51)|spark.TemplateEngine.render(spark.ModelAndView)|SYMBOL_KIND_METHOD|SYMBOL_USE_VIRTUAL_INVOCATION
PLACEHOLDER_CLIENT_ID|CLIENT|/data/ucov/repro/spark/Clients/bcs4313/WebCheckers-Project-Archived|/src/test/java/com/webcheckers/ui/gethomeroutetest.java(138:14)|/src/test/java/com/webcheckers/ui/gethomeroutetest.java(138:58)|spark.Session.attribute(java.lang.String)|SYMBOL_KIND_METHOD|SYMBOL_USE_INVOCATION
PLACEHOLDER_CLIENT_ID|CLIENT|/data/ucov/repro/spark/Clients/bcs4313/WebCheckers-Project-Archived|/src/test/java/com/webcheckers/ui/gethomeroutetest.java(139:14)|/src/test/java/com/webcheckers/ui/gethomeroutetest.java(139:30)|spark.Request.session()|SYMBOL_KIND_METHOD|SYMBOL_USE_INVOCATION
PLACEHOLDER_CLIENT_ID|CLIENT|/data/ucov/repro/spark/Clients/bcs4313/WebCheckers-Project-Archived|/src/test/java/com/webcheckers/ui/gethomeroutetest.java(139:14)|/src/test/java/com/webcheckers/ui/gethomeroutetest.java(139:65)|spark.Session.attribute(java.lang.String)|SYMBOL_KIND_METHOD|SYMBOL_USE_INVOCATION
PLACEHOLDER_CLIENT_ID|CLIENT|/data/ucov/repro/spark/Clients/bcs4313/WebCheckers-Project-Archived|/src/test/java/com/webcheckers/ui/gethomeroutetest.java(141:9)|/src/test/java/com/webcheckers/ui/gethomeroutetest.java(141:37)|spark.Route.handle(spark.Request,spark.Response)|SYMBOL_KIND_METHOD|SYMBOL_USE_VIRTUAL_INVOCATION
PLACEHOLDER_CLIENT_ID|CLIENT|/data/ucov/repro/spark/Clients/bcs4313/WebCheckers-Project-Archived|/src/test/java/com/webcheckers/ui/gethomeroutetest.java(35:13)|/src/test/java/com/webcheckers/ui/gethomeroutetest.java(35:19)|spark.Request|SYMBOL_KIND_TYPE|SYMBOL_USE_TYPE_REFERENCE
PLACEHOLDER_CLIENT_ID|CLIENT|/data/ucov/repro/spark/Clients/bcs4313/WebCheckers-Project-Archived|/src/test/java/com/webcheckers/ui/gethomeroutetest.java(36:13)|/src/test/java/com/webcheckers/ui/gethomeroutetest.java(36:20)|spark.Response|SYMBOL_KIND_TYPE|SYMBOL_USE_TYPE_REFERENCE
PLACEHOLDER_CLIENT_ID|CLIENT|/data/ucov/repro/spark/Clients/bcs4313/WebCheckers-Project-Archived|/src/test/java/com/webcheckers/ui/gethomeroutetest.java(37:13)|/src/test/java/com/webcheckers/ui/gethomeroutetest.java(37:19)|spark.Session|SYMBOL_KIND_TYPE|SYMBOL_USE_TYPE_REFERENCE
PLACEHOLDER_CLIENT_ID|CLIENT|/data/ucov/repro/spark/Clients/bcs4313/WebCheckers-Project-Archived|/src/test/java/com/webcheckers/ui/gethomeroutetest.java(39:13)|/src/test/java/com/webcheckers/ui/gethomeroutetest.java(39:26)|spark.TemplateEngine|SYMBOL_KIND_TYPE|SYMBOL_USE_TYPE_REFERENCE
PLACEHOLDER_CLIENT_ID|CLIENT|/data/ucov/repro/spark/Clients/bcs4313/WebCheckers-Project-Archived|/src/test/java/com/webcheckers/ui/gethomeroutetest.java(54:14)|/src/test/java/com/webcheckers/ui/gethomeroutetest.java(54:30)|spark.Request.session()|SYMBOL_KIND_METHOD|SYMBOL_USE_INVOCATION
PLACEHOLDER_CLIENT_ID|CLIENT|/data/ucov/repro/spark/Clients/bcs4313/WebCheckers-Project-Archived|/src/test/java/com/webcheckers/ui/gethomeroutetest.java(68:14)|/src/test/java/com/webcheckers/ui/gethomeroutetest.java(68:51)|spark.TemplateEngine.render(spark.ModelAndView)|SYMBOL_KIND_METHOD|SYMBOL_USE_VIRTUAL_INVOCATION
PLACEHOLDER_CLIENT_ID|CLIENT|/data/ucov/repro/spark/Clients/bcs4313/WebCheckers-Project-Archived|/src/test/java/com/webcheckers/ui/gethomeroutetest.java(70:9)|/src/test/java/com/webcheckers/ui/gethomeroutetest.java(70:37)|spark.Route.handle(spark.Request,spark.Response)|SYMBOL_KIND_METHOD|SYMBOL_USE_VIRTUAL_INVOCATION
PLACEHOLDER_CLIENT_ID|CLIENT|/data/ucov/repro/spark/Clients/bcs4313/WebCheckers-Project-Archived|/src/test/java/com/webcheckers/ui/gethomeroutetest.java(98:14)|/src/test/java/com/webcheckers/ui/gethomeroutetest.java(98:51)|spark.TemplateEngine.render(spark.ModelAndView)|SYMBOL_KIND_METHOD|SYMBOL_USE_VIRTUAL_INVOCATION
PLACEHOLDER_CLIENT_ID|CLIENT|/data/ucov/repro/spark/Clients/bcs4313/WebCheckers-Project-Archived|/src/test/java/com/webcheckers/ui/templateenginetester.java(35:15)|/src/test/java/com/webcheckers/ui/templateenginetester.java(35:26)|spark.ModelAndView|SYMBOL_KIND_TYPE|SYMBOL_USE_TYPE_REFERENCE
PLACEHOLDER_CLIENT_ID|CLIENT|/data/ucov/repro/spark/Clients/bcs4313/WebCheckers-Project-Archived|/src/test/java/com/webcheckers/ui/templateenginetester.java(36:43)|/src/test/java/com/webcheckers/ui/templateenginetester.java(36:65)|spark.ModelAndView.getModel()|SYMBOL_KIND_METHOD|SYMBOL_USE_INVOCATION
PLACEHOLDER_CLIENT_ID|CLIENT|/data/ucov/repro/spark/Clients/bcs4313/WebCheckers-Project-Archived|/src/test/java/com/webcheckers/ui/templateenginetester.java(37:46)|/src/test/java/com/webcheckers/ui/templateenginetester.java(37:71)|spark.ModelAndView.getViewName()|SYMBOL_KIND_METHOD|SYMBOL_USE_INVOCATION
PLACEHOLDER_CLIENT_ID|CLIENT|/data/ucov/repro/spark/Clients/bcs4313/WebCheckers-Project-Archived|/src/test/java/com/webcheckers/ui/ui/getgameroutetest.java(117:14)|/src/test/java/com/webcheckers/ui/ui/getgameroutetest.java(117:51)|spark.TemplateEngine.render(spark.ModelAndView)|SYMBOL_KIND_METHOD|SYMBOL_USE_VIRTUAL_INVOCATION
PLACEHOLDER_CLIENT_ID|CLIENT|/data/ucov/repro/spark/Clients/bcs4313/WebCheckers-Project-Archived|/src/test/java/com/webcheckers/ui/ui/getgameroutetest.java(135:14)|/src/test/java/com/webcheckers/ui/ui/getgameroutetest.java(135:45)|spark.Session.attribute(java.lang.String)|SYMBOL_KIND_METHOD|SYMBOL_USE_INVOCATION
PLACEHOLDER_CLIENT_ID|CLIENT|/data/ucov/repro/spark/Clients/bcs4313/WebCheckers-Project-Archived|/src/test/java/com/webcheckers/ui/ui/getgameroutetest.java(136:14)|/src/test/java/com/webcheckers/ui/ui/getgameroutetest.java(136:42)|spark.Session.attribute(java.lang.String)|SYMBOL_KIND_METHOD|SYMBOL_USE_INVOCATION
PLACEHOLDER_CLIENT_ID|CLIENT|/data/ucov/repro/spark/Clients/bcs4313/WebCheckers-Project-Archived|/src/test/java/com/webcheckers/ui/ui/getgameroutetest.java(137:14)|/src/test/java/com/webcheckers/ui/ui/getgameroutetest.java(137:44)|spark.Request.queryParams(java.lang.String)|SYMBOL_KIND_METHOD|SYMBOL_USE_INVOCATION
PLACEHOLDER_CLIENT_ID|CLIENT|/data/ucov/repro/spark/Clients/bcs4313/WebCheckers-Project-Archived|/src/test/java/com/webcheckers/ui/ui/getgameroutetest.java(140:9)|/src/test/java/com/webcheckers/ui/ui/getgameroutetest.java(140:48)|spark.Route.handle(spark.Request,spark.Response)|SYMBOL_KIND_METHOD|SYMBOL_USE_VIRTUAL_INVOCATION
PLACEHOLDER_CLIENT_ID|CLIENT|/data/ucov/repro/spark/Clients/bcs4313/WebCheckers-Project-Archived|/src/test/java/com/webcheckers/ui/ui/getgameroutetest.java(164:14)|/src/test/java/com/webcheckers/ui/ui/getgameroutetest.java(164:51)|spark.TemplateEngine.render(spark.ModelAndView)|SYMBOL_KIND_METHOD|SYMBOL_USE_VIRTUAL_INVOCATION
PLACEHOLDER_CLIENT_ID|CLIENT|/data/ucov/repro/spark/Clients/bcs4313/WebCheckers-Project-Archived|/src/test/java/com/webcheckers/ui/ui/getgameroutetest.java(182:14)|/src/test/java/com/webcheckers/ui/ui/getgameroutetest.java(182:45)|spark.Session.attribute(java.lang.String)|SYMBOL_KIND_METHOD|SYMBOL_USE_INVOCATION
PLACEHOLDER_CLIENT_ID|CLIENT|/data/ucov/repro/spark/Clients/bcs4313/WebCheckers-Project-Archived|/src/test/java/com/webcheckers/ui/ui/getgameroutetest.java(183:14)|/src/test/java/com/webcheckers/ui/ui/getgameroutetest.java(183:42)|spark.Session.attribute(java.lang.String)|SYMBOL_KIND_METHOD|SYMBOL_USE_INVOCATION
PLACEHOLDER_CLIENT_ID|CLIENT|/data/ucov/repro/spark/Clients/bcs4313/WebCheckers-Project-Archived|/src/test/java/com/webcheckers/ui/ui/getgameroutetest.java(184:14)|/src/test/java/com/webcheckers/ui/ui/getgameroutetest.java(184:44)|spark.Request.queryParams(java.lang.String)|SYMBOL_KIND_METHOD|SYMBOL_USE_INVOCATION
PLACEHOLDER_CLIENT_ID|CLIENT|/data/ucov/repro/spark/Clients/bcs4313/WebCheckers-Project-Archived|/src/test/java/com/webcheckers/ui/ui/getgameroutetest.java(187:9)|/src/test/java/com/webcheckers/ui/ui/getgameroutetest.java(187:48)|spark.Route.handle(spark.Request,spark.Response)|SYMBOL_KIND_METHOD|SYMBOL_USE_VIRTUAL_INVOCATION
PLACEHOLDER_CLIENT_ID|CLIENT|/data/ucov/repro/spark/Clients/bcs4313/WebCheckers-Project-Archived|/src/test/java/com/webcheckers/ui/ui/getgameroutetest.java(38:13)|/src/test/java/com/webcheckers/ui/ui/getgameroutetest.java(38:19)|spark.Request|SYMBOL_KIND_TYPE|SYMBOL_USE_TYPE_REFERENCE
PLACEHOLDER_CLIENT_ID|CLIENT|/data/ucov/repro/spark/Clients/bcs4313/WebCheckers-Project-Archived|/src/test/java/com/webcheckers/ui/ui/getgameroutetest.java(39:13)|/src/test/java/com/webcheckers/ui/ui/getgameroutetest.java(39:19)|spark.Session|SYMBOL_KIND_TYPE|SYMBOL_USE_TYPE_REFERENCE
PLACEHOLDER_CLIENT_ID|CLIENT|/data/ucov/repro/spark/Clients/bcs4313/WebCheckers-Project-Archived|/src/test/java/com/webcheckers/ui/ui/getgameroutetest.java(40:13)|/src/test/java/com/webcheckers/ui/ui/getgameroutetest.java(40:20)|spark.Response|SYMBOL_KIND_TYPE|SYMBOL_USE_TYPE_REFERENCE
PLACEHOLDER_CLIENT_ID|CLIENT|/data/ucov/repro/spark/Clients/bcs4313/WebCheckers-Project-Archived|/src/test/java/com/webcheckers/ui/ui/getgameroutetest.java(41:13)|/src/test/java/com/webcheckers/ui/ui/getgameroutetest.java(41:26)|spark.TemplateEngine|SYMBOL_KIND_TYPE|SYMBOL_USE_TYPE_REFERENCE
PLACEHOLDER_CLIENT_ID|CLIENT|/data/ucov/repro/spark/Clients/bcs4313/WebCheckers-Project-Archived|/src/test/java/com/webcheckers/ui/ui/getgameroutetest.java(56:14)|/src/test/java/com/webcheckers/ui/ui/getgameroutetest.java(56:30)|spark.Request.session()|SYMBOL_KIND_METHOD|SYMBOL_USE_INVOCATION
PLACEHOLDER_CLIENT_ID|CLIENT|/data/ucov/repro/spark/Clients/bcs4313/WebCheckers-Project-Archived|/src/test/java/com/webcheckers/ui/ui/getgameroutetest.java(69:14)|/src/test/java/com/webcheckers/ui/ui/getgameroutetest.java(69:51)|spark.TemplateEngine.render(spark.ModelAndView)|SYMBOL_KIND_METHOD|SYMBOL_USE_VIRTUAL_INVOCATION
PLACEHOLDER_CLIENT_ID|CLIENT|/data/ucov/repro/spark/Clients/bcs4313/WebCheckers-Project-Archived|/src/test/java/com/webcheckers/ui/ui/getgameroutetest.java(83:14)|/src/test/java/com/webcheckers/ui/ui/getgameroutetest.java(83:45)|spark.Session.attribute(java.lang.String)|SYMBOL_KIND_METHOD|SYMBOL_USE_INVOCATION
PLACEHOLDER_CLIENT_ID|CLIENT|/data/ucov/repro/spark/Clients/bcs4313/WebCheckers-Project-Archived|/src/test/java/com/webcheckers/ui/ui/getgameroutetest.java(84:14)|/src/test/java/com/webcheckers/ui/ui/getgameroutetest.java(84:42)|spark.Session.attribute(java.lang.String)|SYMBOL_KIND_METHOD|SYMBOL_USE_INVOCATION
PLACEHOLDER_CLIENT_ID|CLIENT|/data/ucov/repro/spark/Clients/bcs4313/WebCheckers-Project-Archived|/src/test/java/com/webcheckers/ui/ui/getgameroutetest.java(85:14)|/src/test/java/com/webcheckers/ui/ui/getgameroutetest.java(85:44)|spark.Request.queryParams(java.lang.String)|SYMBOL_KIND_METHOD|SYMBOL_USE_INVOCATION
PLACEHOLDER_CLIENT_ID|CLIENT|/data/ucov/repro/spark/Clients/bcs4313/WebCheckers-Project-Archived|/src/test/java/com/webcheckers/ui/ui/getgameroutetest.java(92:9)|/src/test/java/com/webcheckers/ui/ui/getgameroutetest.java(92:48)|spark.Route.handle(spark.Request,spark.Response)|SYMBOL_KIND_METHOD|SYMBOL_USE_VIRTUAL_INVOCATION
PLACEHOLDER_CLIENT_ID|CLIENT|/data/ucov/repro/spark/Clients/bcs4313/WebCheckers-Project-Archived|/src/test/java/com/webcheckers/ui/ui/gethomeroutetest.java(17:13)|/src/test/java/com/webcheckers/ui/ui/gethomeroutetest.java(17:19)|spark.Request|SYMBOL_KIND_TYPE|SYMBOL_USE_TYPE_REFERENCE
PLACEHOLDER_CLIENT_ID|CLIENT|/data/ucov/repro/spark/Clients/bcs4313/WebCheckers-Project-Archived|/src/test/java/com/webcheckers/ui/ui/gethomeroutetest.java(18:13)|/src/test/java/com/webcheckers/ui/ui/gethomeroutetest.java(18:19)|spark.Session|SYMBOL_KIND_TYPE|SYMBOL_USE_TYPE_REFERENCE
PLACEHOLDER_CLIENT_ID|CLIENT|/data/ucov/repro/spark/Clients/bcs4313/WebCheckers-Project-Archived|/src/test/java/com/webcheckers/ui/ui/gethomeroutetest.java(19:13)|/src/test/java/com/webcheckers/ui/ui/gethomeroutetest.java(19:20)|spark.Response|SYMBOL_KIND_TYPE|SYMBOL_USE_TYPE_REFERENCE
PLACEHOLDER_CLIENT_ID|CLIENT|/data/ucov/repro/spark/Clients/bcs4313/WebCheckers-Project-Archived|/src/test/java/com/webcheckers/ui/ui/gethomeroutetest.java(20:13)|/src/test/java/com/webcheckers/ui/ui/gethomeroutetest.java(20:26)|spark.TemplateEngine|SYMBOL_KIND_TYPE|SYMBOL_USE_TYPE_REFERENCE
PLACEHOLDER_CLIENT_ID|CLIENT|/data/ucov/repro/spark/Clients/bcs4313/WebCheckers-Project-Archived|/src/test/java/com/webcheckers/ui/ui/gethomeroutetest.java(31:14)|/src/test/java/com/webcheckers/ui/ui/gethomeroutetest.java(31:30)|spark.Request.session()|SYMBOL_KIND_METHOD|SYMBOL_USE_INVOCATION
PLACEHOLDER_CLIENT_ID|CLIENT|/data/ucov/repro/spark/Clients/bcs4313/WebCheckers-Project-Archived|/src/test/java/com/webcheckers/ui/ui/gethomeroutetest.java(40:14)|/src/test/java/com/webcheckers/ui/ui/gethomeroutetest.java(40:51)|spark.TemplateEngine.render(spark.ModelAndView)|SYMBOL_KIND_METHOD|SYMBOL_USE_VIRTUAL_INVOCATION
PLACEHOLDER_CLIENT_ID|CLIENT|/data/ucov/repro/spark/Clients/bcs4313/WebCheckers-Project-Archived|/src/test/java/com/webcheckers/ui/ui/gethomeroutetest.java(45:9)|/src/test/java/com/webcheckers/ui/ui/gethomeroutetest.java(45:38)|spark.Route.handle(spark.Request,spark.Response)|SYMBOL_KIND_METHOD|SYMBOL_USE_VIRTUAL_INVOCATION
PLACEHOLDER_CLIENT_ID|CLIENT|/data/ucov/repro/spark/Clients/bcs4313/WebCheckers-Project-Archived|/src/test/java/com/webcheckers/ui/ui/gethomeroutetest.java(58:14)|/src/test/java/com/webcheckers/ui/ui/gethomeroutetest.java(58:39)|spark.Session.attribute(java.lang.String)|SYMBOL_KIND_METHOD|SYMBOL_USE_INVOCATION
PLACEHOLDER_CLIENT_ID|CLIENT|/data/ucov/repro/spark/Clients/bcs4313/WebCheckers-Project-Archived|/src/test/java/com/webcheckers/ui/ui/gethomeroutetest.java(59:9)|/src/test/java/com/webcheckers/ui/ui/gethomeroutetest.java(59:38)|spark.Route.handle(spark.Request,spark.Response)|SYMBOL_KIND_METHOD|SYMBOL_USE_VIRTUAL_INVOCATION
PLACEHOLDER_CLIENT_ID|CLIENT|/data/ucov/repro/spark/Clients/bcs4313/WebCheckers-Project-Archived|/src/test/java/com/webcheckers/ui/ui/getsigninroutetest.java(34:13)|/src/test/java/com/webcheckers/ui/ui/getsigninroutetest.java(34:19)|spark.Request|SYMBOL_KIND_TYPE|SYMBOL_USE_TYPE_REFERENCE
PLACEHOLDER_CLIENT_ID|CLIENT|/data/ucov/repro/spark/Clients/bcs4313/WebCheckers-Project-Archived|/src/test/java/com/webcheckers/ui/ui/getsigninroutetest.java(35:13)|/src/test/java/com/webcheckers/ui/ui/getsigninroutetest.java(35:19)|spark.Session|SYMBOL_KIND_TYPE|SYMBOL_USE_TYPE_REFERENCE
PLACEHOLDER_CLIENT_ID|CLIENT|/data/ucov/repro/spark/Clients/bcs4313/WebCheckers-Project-Archived|/src/test/java/com/webcheckers/ui/ui/getsigninroutetest.java(36:13)|/src/test/java/com/webcheckers/ui/ui/getsigninroutetest.java(36:20)|spark.Response|SYMBOL_KIND_TYPE|SYMBOL_USE_TYPE_REFERENCE
PLACEHOLDER_CLIENT_ID|CLIENT|/data/ucov/repro/spark/Clients/bcs4313/WebCheckers-Project-Archived|/src/test/java/com/webcheckers/ui/ui/getsigninroutetest.java(37:13)|/src/test/java/com/webcheckers/ui/ui/getsigninroutetest.java(37:26)|spark.TemplateEngine|SYMBOL_KIND_TYPE|SYMBOL_USE_TYPE_REFERENCE
PLACEHOLDER_CLIENT_ID|CLIENT|/data/ucov/repro/spark/Clients/bcs4313/WebCheckers-Project-Archived|/src/test/java/com/webcheckers/ui/ui/getsigninroutetest.java(46:14)|/src/test/java/com/webcheckers/ui/ui/getsigninroutetest.java(46:30)|spark.Request.session()|SYMBOL_KIND_METHOD|SYMBOL_USE_INVOCATION
PLACEHOLDER_CLIENT_ID|CLIENT|/data/ucov/repro/spark/Clients/bcs4313/WebCheckers-Project-Archived|/src/test/java/com/webcheckers/ui/ui/getsigninroutetest.java(58:14)|/src/test/java/com/webcheckers/ui/ui/getsigninroutetest.java(58:39)|spark.Session.attribute(java.lang.String)|SYMBOL_KIND_METHOD|SYMBOL_USE_INVOCATION
PLACEHOLDER_CLIENT_ID|CLIENT|/data/ucov/repro/spark/Clients/bcs4313/WebCheckers-Project-Archived|/src/test/java/com/webcheckers/ui/ui/getsigninroutetest.java(62:14)|/src/test/java/com/webcheckers/ui/ui/getsigninroutetest.java(62:51)|spark.TemplateEngine.render(spark.ModelAndView)|SYMBOL_KIND_METHOD|SYMBOL_USE_VIRTUAL_INVOCATION
PLACEHOLDER_CLIENT_ID|CLIENT|/data/ucov/repro/spark/Clients/bcs4313/WebCheckers-Project-Archived|/src/test/java/com/webcheckers/ui/ui/getsigninroutetest.java(65:9)|/src/test/java/com/webcheckers/ui/ui/getsigninroutetest.java(65:39)|spark.Route.handle(spark.Request,spark.Response)|SYMBOL_KIND_METHOD|SYMBOL_USE_VIRTUAL_INVOCATION
PLACEHOLDER_CLIENT_ID|CLIENT|/data/ucov/repro/spark/Clients/bcs4313/WebCheckers-Project-Archived|/src/test/java/com/webcheckers/ui/ui/getsigninroutetest.java(86:14)|/src/test/java/com/webcheckers/ui/ui/getsigninroutetest.java(86:51)|spark.TemplateEngine.render(spark.ModelAndView)|SYMBOL_KIND_METHOD|SYMBOL_USE_VIRTUAL_INVOCATION
PLACEHOLDER_CLIENT_ID|CLIENT|/data/ucov/repro/spark/Clients/bcs4313/WebCheckers-Project-Archived|/src/test/java/com/webcheckers/ui/ui/getsigninroutetest.java(88:14)|/src/test/java/com/webcheckers/ui/ui/getsigninroutetest.java(88:39)|spark.Session.attribute(java.lang.String)|SYMBOL_KIND_METHOD|SYMBOL_USE_INVOCATION
PLACEHOLDER_CLIENT_ID|CLIENT|/data/ucov/repro/spark/Clients/bcs4313/WebCheckers-Project-Archived|/src/test/java/com/webcheckers/ui/ui/getsigninroutetest.java(90:9)|/src/test/java/com/webcheckers/ui/ui/getsigninroutetest.java(90:39)|spark.Route.handle(spark.Request,spark.Response)|SYMBOL_KIND_METHOD|SYMBOL_USE_VIRTUAL_INVOCATION
PLACEHOLDER_CLIENT_ID|CLIENT|/data/ucov/repro/spark/Clients/bcs4313/WebCheckers-Project-Archived|/src/test/java/com/webcheckers/ui/ui/postbackupmovetest.java(34:13)|/src/test/java/com/webcheckers/ui/ui/postbackupmovetest.java(34:19)|spark.Request|SYMBOL_KIND_TYPE|SYMBOL_USE_TYPE_REFERENCE
PLACEHOLDER_CLIENT_ID|CLIENT|/data/ucov/repro/spark/Clients/bcs4313/WebCheckers-Project-Archived|/src/test/java/com/webcheckers/ui/ui/postbackupmovetest.java(35:13)|/src/test/java/com/webcheckers/ui/ui/postbackupmovetest.java(35:19)|spark.Session|SYMBOL_KIND_TYPE|SYMBOL_USE_TYPE_REFERENCE
PLACEHOLDER_CLIENT_ID|CLIENT|/data/ucov/repro/spark/Clients/bcs4313/WebCheckers-Project-Archived|/src/test/java/com/webcheckers/ui/ui/postbackupmovetest.java(36:13)|/src/test/java/com/webcheckers/ui/ui/postbackupmovetest.java(36:20)|spark.Response|SYMBOL_KIND_TYPE|SYMBOL_USE_TYPE_REFERENCE
PLACEHOLDER_CLIENT_ID|CLIENT|/data/ucov/repro/spark/Clients/bcs4313/WebCheckers-Project-Archived|/src/test/java/com/webcheckers/ui/ui/postbackupmovetest.java(37:13)|/src/test/java/com/webcheckers/ui/ui/postbackupmovetest.java(37:26)|spark.TemplateEngine|SYMBOL_KIND_TYPE|SYMBOL_USE_TYPE_REFERENCE
PLACEHOLDER_CLIENT_ID|CLIENT|/data/ucov/repro/spark/Clients/bcs4313/WebCheckers-Project-Archived|/src/test/java/com/webcheckers/ui/ui/postbackupmovetest.java(50:14)|/src/test/java/com/webcheckers/ui/ui/postbackupmovetest.java(50:30)|spark.Request.session()|SYMBOL_KIND_METHOD|SYMBOL_USE_INVOCATION
PLACEHOLDER_CLIENT_ID|CLIENT|/data/ucov/repro/spark/Clients/bcs4313/WebCheckers-Project-Archived|/src/test/java/com/webcheckers/ui/ui/postbackupmovetest.java(58:14)|/src/test/java/com/webcheckers/ui/ui/postbackupmovetest.java(58:51)|spark.TemplateEngine.render(spark.ModelAndView)|SYMBOL_KIND_METHOD|SYMBOL_USE_VIRTUAL_INVOCATION
PLACEHOLDER_CLIENT_ID|CLIENT|/data/ucov/repro/spark/Clients/bcs4313/WebCheckers-Project-Archived|/src/test/java/com/webcheckers/ui/ui/postbackupmovetest.java(59:14)|/src/test/java/com/webcheckers/ui/ui/postbackupmovetest.java(59:54)|spark.Request.queryParams(java.lang.String)|SYMBOL_KIND_METHOD|SYMBOL_USE_INVOCATION
PLACEHOLDER_CLIENT_ID|CLIENT|/data/ucov/repro/spark/Clients/bcs4313/WebCheckers-Project-Archived|/src/test/java/com/webcheckers/ui/ui/postcheckturntest.java(28:13)|/src/test/java/com/webcheckers/ui/ui/postcheckturntest.java(28:26)|spark.TemplateEngine|SYMBOL_KIND_TYPE|SYMBOL_USE_TYPE_REFERENCE
PLACEHOLDER_CLIENT_ID|CLIENT|/data/ucov/repro/spark/Clients/bcs4313/WebCheckers-Project-Archived|/src/test/java/com/webcheckers/ui/ui/postcheckturntest.java(31:13)|/src/test/java/com/webcheckers/ui/ui/postcheckturntest.java(31:19)|spark.Request|SYMBOL_KIND_TYPE|SYMBOL_USE_TYPE_REFERENCE
PLACEHOLDER_CLIENT_ID|CLIENT|/data/ucov/repro/spark/Clients/bcs4313/WebCheckers-Project-Archived|/src/test/java/com/webcheckers/ui/ui/postcheckturntest.java(32:13)|/src/test/java/com/webcheckers/ui/ui/postcheckturntest.java(32:20)|spark.Response|SYMBOL_KIND_TYPE|SYMBOL_USE_TYPE_REFERENCE
PLACEHOLDER_CLIENT_ID|CLIENT|/data/ucov/repro/spark/Clients/bcs4313/WebCheckers-Project-Archived|/src/test/java/com/webcheckers/ui/ui/postcheckturntest.java(33:13)|/src/test/java/com/webcheckers/ui/ui/postcheckturntest.java(33:19)|spark.Session|SYMBOL_KIND_TYPE|SYMBOL_USE_TYPE_REFERENCE
PLACEHOLDER_CLIENT_ID|CLIENT|/data/ucov/repro/spark/Clients/bcs4313/WebCheckers-Project-Archived|/src/test/java/com/webcheckers/ui/ui/postcheckturntest.java(42:14)|/src/test/java/com/webcheckers/ui/ui/postcheckturntest.java(42:30)|spark.Request.session()|SYMBOL_KIND_METHOD|SYMBOL_USE_INVOCATION
PLACEHOLDER_CLIENT_ID|CLIENT|/data/ucov/repro/spark/Clients/bcs4313/WebCheckers-Project-Archived|/src/test/java/com/webcheckers/ui/ui/postcheckturntest.java(51:14)|/src/test/java/com/webcheckers/ui/ui/postcheckturntest.java(51:51)|spark.TemplateEngine.render(spark.ModelAndView)|SYMBOL_KIND_METHOD|SYMBOL_USE_VIRTUAL_INVOCATION
PLACEHOLDER_CLIENT_ID|CLIENT|/data/ucov/repro/spark/Clients/bcs4313/WebCheckers-Project-Archived|/src/test/java/com/webcheckers/ui/ui/postcheckturntest.java(52:14)|/src/test/java/com/webcheckers/ui/ui/postcheckturntest.java(52:54)|spark.Request.queryParams(java.lang.String)|SYMBOL_KIND_METHOD|SYMBOL_USE_INVOCATION
PLACEHOLDER_CLIENT_ID|CLIENT|/data/ucov/repro/spark/Clients/bcs4313/WebCheckers-Project-Archived|/src/test/java/com/webcheckers/ui/ui/postcheckturntest.java(53:14)|/src/test/java/com/webcheckers/ui/ui/postcheckturntest.java(53:60)|spark.Request.queryParams(java.lang.String)|SYMBOL_KIND_METHOD|SYMBOL_USE_INVOCATION
PLACEHOLDER_CLIENT_ID|CLIENT|/data/ucov/repro/spark/Clients/bcs4313/WebCheckers-Project-Archived|/src/test/java/com/webcheckers/ui/ui/postsigninroutetest.java(24:13)|/src/test/java/com/webcheckers/ui/ui/postsigninroutetest.java(24:19)|spark.Request|SYMBOL_KIND_TYPE|SYMBOL_USE_TYPE_REFERENCE
PLACEHOLDER_CLIENT_ID|CLIENT|/data/ucov/repro/spark/Clients/bcs4313/WebCheckers-Project-Archived|/src/test/java/com/webcheckers/ui/ui/postsigninroutetest.java(25:13)|/src/test/java/com/webcheckers/ui/ui/postsigninroutetest.java(25:19)|spark.Session|SYMBOL_KIND_TYPE|SYMBOL_USE_TYPE_REFERENCE
PLACEHOLDER_CLIENT_ID|CLIENT|/data/ucov/repro/spark/Clients/bcs4313/WebCheckers-Project-Archived|/src/test/java/com/webcheckers/ui/ui/postsigninroutetest.java(26:13)|/src/test/java/com/webcheckers/ui/ui/postsigninroutetest.java(26:20)|spark.Response|SYMBOL_KIND_TYPE|SYMBOL_USE_TYPE_REFERENCE
PLACEHOLDER_CLIENT_ID|CLIENT|/data/ucov/repro/spark/Clients/bcs4313/WebCheckers-Project-Archived|/src/test/java/com/webcheckers/ui/ui/postsigninroutetest.java(27:13)|/src/test/java/com/webcheckers/ui/ui/postsigninroutetest.java(27:26)|spark.TemplateEngine|SYMBOL_KIND_TYPE|SYMBOL_USE_TYPE_REFERENCE
PLACEHOLDER_CLIENT_ID|CLIENT|/data/ucov/repro/spark/Clients/bcs4313/WebCheckers-Project-Archived|/src/test/java/com/webcheckers/ui/ui/postsigninroutetest.java(39:14)|/src/test/java/com/webcheckers/ui/ui/postsigninroutetest.java(39:30)|spark.Request.session()|SYMBOL_KIND_METHOD|SYMBOL_USE_INVOCATION
PLACEHOLDER_CLIENT_ID|CLIENT|/data/ucov/repro/spark/Clients/bcs4313/WebCheckers-Project-Archived|/src/test/java/com/webcheckers/ui/ui/postsigninroutetest.java(52:14)|/src/test/java/com/webcheckers/ui/ui/postsigninroutetest.java(52:51)|spark.TemplateEngine.render(spark.ModelAndView)|SYMBOL_KIND_METHOD|SYMBOL_USE_VIRTUAL_INVOCATION
PLACEHOLDER_CLIENT_ID|CLIENT|/data/ucov/repro/spark/Clients/bcs4313/WebCheckers-Project-Archived|/src/test/java/com/webcheckers/ui/ui/postsigninroutetest.java(61:14)|/src/test/java/com/webcheckers/ui/ui/postsigninroutetest.java(61:44)|spark.Request.queryParams(java.lang.String)|SYMBOL_KIND_METHOD|SYMBOL_USE_INVOCATION
PLACEHOLDER_CLIENT_ID|CLIENT|/data/ucov/repro/spark/Clients/bcs4313/WebCheckers-Project-Archived|/src/test/java/com/webcheckers/ui/ui/postsigninroutetest.java(64:25)|/src/test/java/com/webcheckers/ui/ui/postsigninroutetest.java(64:63)|spark.Route.handle(spark.Request,spark.Response)|SYMBOL_KIND_METHOD|SYMBOL_USE_VIRTUAL_INVOCATION
PLACEHOLDER_CLIENT_ID|CLIENT|/data/ucov/repro/spark/Clients/bcs4313/WebCheckers-Project-Archived|/src/test/java/com/webcheckers/ui/ui/postsigninroutetest.java(77:14)|/src/test/java/com/webcheckers/ui/ui/postsigninroutetest.java(77:51)|spark.TemplateEngine.render(spark.ModelAndView)|SYMBOL_KIND_METHOD|SYMBOL_USE_VIRTUAL_INVOCATION
PLACEHOLDER_CLIENT_ID|CLIENT|/data/ucov/repro/spark/Clients/bcs4313/WebCheckers-Project-Archived|/src/test/java/com/webcheckers/ui/ui/postsigninroutetest.java(86:14)|/src/test/java/com/webcheckers/ui/ui/postsigninroutetest.java(86:44)|spark.Request.queryParams(java.lang.String)|SYMBOL_KIND_METHOD|SYMBOL_USE_INVOCATION
PLACEHOLDER_CLIENT_ID|CLIENT|/data/ucov/repro/spark/Clients/bcs4313/WebCheckers-Project-Archived|/src/test/java/com/webcheckers/ui/ui/postsigninroutetest.java(89:25)|/src/test/java/com/webcheckers/ui/ui/postsigninroutetest.java(89:63)|spark.Route.handle(spark.Request,spark.Response)|SYMBOL_KIND_METHOD|SYMBOL_USE_VIRTUAL_INVOCATION
